sample_id,timenow,rss_memory,n_loaded,dist2reference,ns
647b5908-229c-4eb2-80ee-08ad9c6dff47_v3.fasta,2021-11-30 11:19:14.799812,538529792,1,1114,30775
2838ea65-5c05-4c94-b254-3c34c210b20f_v3.fasta,2021-11-30 11:19:15.387209,571895808,2,0,0
157ac5f5-4e98-4854-8d2b-dcd3a8978a07_v3.fasta,2021-11-30 11:19:15.861894,567484416,3,0,0
2c60f4dc-3b74-41e4-bfaa-dbbe88fc813b_v3.fasta,2021-11-30 11:19:16.115313,567484416,4,1068,46718
bd4e6548-6c30-4ddf-a552-734a4d451539_v3.fasta,2021-11-30 11:19:16.367796,567484416,5,1095,46559
6c2e4805-d1cc-4ea4-bd28-311803de0423_v3.fasta,2021-11-30 11:19:16.618053,567484416,6,1145,40639
c320e4fb-6d63-4d53-b638-2a412aee2930_v3.fasta,2021-11-30 11:19:16.875288,567484416,7,1712,58957
670310b2-de6b-4db5-9538-34ef7abc705a_v3.fasta,2021-11-30 11:19:17.130741,567484416,8,738,51631
828a6291-28b4-4804-9cc1-f91561e29edf_v3.fasta,2021-11-30 11:19:17.382391,567484416,9,433,34617
8d1acd45-9d7e-428b-ae7a-853ec4bc94b9_v3.fasta,2021-11-30 11:19:17.633809,567484416,10,1127,56642
5afce24d-e807-4109-8a09-33d9e6875a1d_v3.fasta,2021-11-30 11:19:17.885130,568561664,11,1728,31263
a90b64a9-2df9-4391-bfc0-3a75092e646a_v3.fasta,2021-11-30 11:19:18.137404,568561664,12,33,25400
5e38944f-88d0-423d-b48b-4aa9575d4583_v3.fasta,2021-11-30 11:19:18.389417,568561664,13,780,54765
18cd37c5-860d-4c4c-94f4-c183c2c4ea20_v3.fasta,2021-11-30 11:19:18.641223,575049728,14,1120,33572
4681e95d-9f25-45d1-acdb-54e7c4ca96a0_v3.fasta,2021-11-30 11:19:18.893886,579375104,15,268,31514
d40a450a-b311-4cb3-83e0-fcee0c0ba070_v3.fasta,2021-11-30 11:19:19.148152,579375104,16,1130,47485
3f822096-d576-47c9-889a-c4b5d7de2d51_v3.fasta,2021-11-30 11:19:19.397948,581537792,17,278,31685
e60974ed-a4ef-4264-9606-702b5b61d435_v3.fasta,2021-11-30 11:19:19.648310,581537792,18,1144,39678
5702eb29-b808-4fcd-bc57-426f2fdcd8a7_v3.fasta,2021-11-30 11:19:19.905347,585863168,19,672,45684
4cc8c240-67c9-4a83-9e9c-014d51c2839e_v3.fasta,2021-11-30 11:19:20.158292,585863168,20,1137,28006
4719b57e-9ab1-4a63-8b10-a7b13f06f483_v3.fasta,2021-11-30 11:19:20.411925,585863168,21,1130,44244
76e30bbc-0794-4e09-b1b3-def31e934494_v3.fasta,2021-11-30 11:19:20.662493,589918208,22,1105,31565
36e30f18-9310-4538-8105-2c9022fad96a_v3.fasta,2021-11-30 11:19:20.912866,589918208,23,1121,27848
2f165e24-02b8-474d-b643-23e24d22be9e_v3.fasta,2021-11-30 11:19:21.169523,594513920,24,1129,61773
da4c0508-8ba2-4b38-b742-e260ce25dfdc_v3.fasta,2021-11-30 11:19:21.420263,596406272,25,605,37691
8fa50416-0076-4fe8-9178-3ac2ea55d731_v3.fasta,2021-11-30 11:19:21.672960,596406272,26,1108,37425
748a3736-53b0-451e-8d7c-61c44de5ac89_v3.fasta,2021-11-30 11:19:21.924029,596406272,27,800,35099
d0baa2a5-9795-4524-84a2-99c3f83fbb85_v3.fasta,2021-11-30 11:19:22.179539,601001984,28,1137,45875
f61f0016-61aa-4711-a94b-40fc6c9b9553_v3.fasta,2021-11-30 11:19:22.430176,605327360,29,1140,30369
6cbec51f-c832-4913-9c33-ba4333a4d69d_v3.fasta,2021-11-30 11:19:22.680070,605327360,30,689,37307
f9913490-e02d-4600-92b9-946a79e5d851_v3.fasta,2021-11-30 11:19:22.936678,605327360,31,1142,40674
777f63d9-64b5-4d85-b4c6-f91f0d7a3485_v3.fasta,2021-11-30 11:19:23.191091,609652736,32,1103,39734
09e2336e-6bce-436a-82a1-0e46c2886c7a_v3.fasta,2021-11-30 11:19:23.443051,613978112,33,1122,36273
498b4555-9f51-4f21-ae7f-658b8eec42a7_v3.fasta,2021-11-30 11:19:23.694768,613978112,34,1102,54123
3dad82f1-1455-4024-a1e7-a2d472ac9a66_v3.fasta,2021-11-30 11:19:23.946707,618033152,35,607,34881
8e16b6e8-82c7-4e49-8094-33169d0788e9_v3.fasta,2021-11-30 11:19:24.199536,618033152,36,737,41826
70359abe-7785-426c-a8a9-980c6abc398a_v3.fasta,2021-11-30 11:19:24.449212,618033152,37,1121,32031
ceeaf400-5695-42a7-aeb6-efd410d504b8_v3.fasta,2021-11-30 11:19:24.699819,622628864,38,1134,31053
df7cb121-51e2-408b-bb02-c8ac96dd03c6_v3.fasta,2021-11-30 11:19:24.953344,631279616,39,427,33281
bcfb5134-c211-4157-8d61-31a5423bd84b_v3.fasta,2021-11-30 11:19:25.564599,656687104,40,0,0
e715640b-2a78-49a2-9378-da860d95edcb_v3.fasta,2021-11-30 11:19:25.820009,629161984,41,504,35852
148e8933-7362-4af4-b4a5-5920b969f697_v3.fasta,2021-11-30 11:19:26.073674,629161984,42,645,40227
62ddb4df-12ee-43d3-9807-9345e446727c_v3.fasta,2021-11-30 11:19:26.329057,633217024,43,679,67368
aa74d7b2-df26-4b72-95f7-9b7135daadad_v3.fasta,2021-11-30 11:19:26.801991,658567168,44,0,0
91637ea7-0fcf-4efc-996c-5ff8b77a05be_v3.fasta,2021-11-30 11:19:27.249433,658567168,45,0,0
8ef19f25-d968-4bec-913e-e34f821b090a_v3.fasta,2021-11-30 11:19:27.498182,658567168,46,759,27938
f3df80b5-4161-4dba-9c33-fe6d1397a011_v3.fasta,2021-11-30 11:19:27.833625,658567168,47,0,0
132c82cb-ff2e-4c51-9f91-e82a24b5ca75_v3.fasta,2021-11-30 11:19:28.086524,658567168,48,685,39509
5d4ff8ba-0c40-4990-bfc4-3da7a465cb1b_v3.fasta,2021-11-30 11:19:28.336887,658567168,49,771,38573
59644729-0569-495e-ae07-9927c3a410ae_v3.fasta,2021-11-30 11:19:28.586589,658567168,50,693,34955
5b707047-1bfd-4b65-978e-f3d52573885b_v3.fasta,2021-11-30 11:19:28.839699,658567168,51,747,40597
bd773655-a0cb-44c1-8525-eae76315ff7a_v3.fasta,2021-11-30 11:19:29.427391,669487104,52,0,0
801970ff-fb41-4659-bb8e-d3ca18f834dd_v3.fasta,2021-11-30 11:19:29.677805,669487104,53,671,36743
ad9d74ed-04fe-415c-9307-60a701f1a609_v3.fasta,2021-11-30 11:19:30.255734,671584256,54,0,0
4c31a5a2-4898-4565-abaf-a381f6b300e7_v3.fasta,2021-11-30 11:19:30.837152,667172864,55,0,0
d4c41fb3-9892-47f7-a842-91c2dbd87410_v3.fasta,2021-11-30 11:19:31.384891,671584256,56,0,0
b76964e0-0e5b-4925-8d09-43022b8145f4_v3.fasta,2021-11-30 11:19:31.635184,671584256,57,777,34633
a7ebd8c9-889c-4de7-b1f2-264479685fe7_v3.fasta,2021-11-30 11:19:31.889516,671584256,58,629,44194
d29efb9a-a208-4e07-add2-3441e2751856_v3.fasta,2021-11-30 11:19:32.143869,671584256,59,443,42577
d55938bf-4618-4dd4-a424-10f565cbb72d_v3.fasta,2021-11-30 11:19:32.394217,671584256,60,768,31643
dbc76127-040c-49ac-8c53-194f0da2c1e6_v3.fasta,2021-11-30 11:19:32.647681,671584256,61,1147,37545
7c286378-a260-456e-92d6-90a05d8956d0_v3.fasta,2021-11-30 11:19:32.897675,671584256,62,1109,28886
7f4b65fb-a4f4-4b67-83b5-abfe0a4c5e4a_v3.fasta,2021-11-30 11:19:33.151481,671584256,63,1148,39979
5f088798-f44c-4b22-b2bb-5daab80b4749_v3.fasta,2021-11-30 11:19:33.401562,671584256,64,650,36444
18505731-63e5-450f-ba3c-b93732220154_v3.fasta,2021-11-30 11:19:33.651903,671584256,65,429,38944
834987b0-980f-4256-943e-e967cfa2b975_v3.fasta,2021-11-30 11:19:33.903633,671584256,66,1137,49014
d6b50c6c-6f0a-4721-8cae-fd537971a5c5_v3.fasta,2021-11-30 11:19:34.482274,689233920,67,0,0
0eef66c8-96ed-4cc3-af96-36b9e5899859_v3.fasta,2021-11-30 11:19:34.733156,689233920,68,781,38676
700be918-90d9-4222-be73-3d5a245eb7cf_v3.fasta,2021-11-30 11:19:34.988235,689233920,69,1669,45639
b80fbf34-1ffc-4759-8398-c12e12bee56d_v3.fasta,2021-11-30 11:19:35.566739,699719680,70,0,0
30708265-b3e5-4048-96dd-8e4eb3c2bb4b_v3.fasta,2021-11-30 11:19:35.819196,674508800,71,33,24990
6dddfb58-4d6c-491a-b9af-c40d7ecfff09_v3.fasta,2021-11-30 11:19:36.292704,699719680,72,0,0
a6c50d2e-5ee7-4803-aed9-cac8ed9e1b4f_v3.fasta,2021-11-30 11:19:36.544369,699719680,73,763,43706
c5408038-0d92-449b-84ea-1e86c7389810_v3.fasta,2021-11-30 11:19:37.120641,699719680,74,0,0
47819af8-6eec-47c4-9779-853d1f6a69a6_v3.fasta,2021-11-30 11:19:37.431307,696946688,75,0,0
49065f1f-748a-439b-b21f-57ff67f4d1fc_v3.fasta,2021-11-30 11:19:37.682089,696946688,76,746,40381
04f3482a-e5db-4d99-806f-0307cd074276_v3.fasta,2021-11-30 11:19:37.936173,696946688,77,449,30598
cdee4e65-18dd-43a1-9e30-8836f9f6b826_v3.fasta,2021-11-30 11:19:38.188734,696946688,78,448,29686
8457418e-20cb-4f99-b5eb-48475d634e77_v3.fasta,2021-11-30 11:19:38.440095,696946688,79,1712,45311
2b630579-1c36-4b36-a446-731bde427dcd_v3.fasta,2021-11-30 11:19:38.691699,696946688,80,747,40766
3ef5f3f0-dfd4-4588-9ad8-2875bccac8b6_v3.fasta,2021-11-30 11:19:38.942486,696946688,81,746,35490
727de577-1404-41f6-b97b-9e6322ee4ca5_v3.fasta,2021-11-30 11:19:39.195660,696946688,82,1114,27280
1d42cf97-d48d-4c4f-8e09-793b3cd69848_v3.fasta,2021-11-30 11:19:39.446399,696946688,83,1148,40527
8be383d7-46d0-40f9-815e-18d8e477c45e_v3.fasta,2021-11-30 11:19:39.696976,696946688,84,428,35576
ed59b920-fec9-48e9-ae6a-a3ca66265aa9_v3.fasta,2021-11-30 11:19:39.966406,702353408,85,0,0
09b6186e-f3f6-48a6-b16c-eb438588f668_v3.fasta,2021-11-30 11:19:40.221813,702353408,86,1156,42836
5ebe5feb-ab85-485e-806b-0f49657a8704_v3.fasta,2021-11-30 11:19:40.473028,702353408,87,448,30316
39f3573e-6f5a-46f2-aed2-dfc43629ac66_v3.fasta,2021-11-30 11:19:40.724284,702353408,88,1146,41385
73e70b56-2f6e-45fc-ab51-5e396aab829a_v3.fasta,2021-11-30 11:19:41.310881,730165248,89,0,0
cf0cc3ab-aa5e-497b-bada-8843c6c0ea9f_v3.fasta,2021-11-30 11:19:41.900050,725753856,90,0,0
08354516-7d99-48df-9e40-f88131fbcbc0_v3.fasta,2021-11-30 11:19:42.152752,725753856,91,1128,34124
e8370c93-22cf-496b-af6c-b37917dcc073_v3.fasta,2021-11-30 11:19:42.403117,725753856,92,569,37186
de6d6ae7-6de9-463b-87ae-6f454f7bc097_v3.fasta,2021-11-30 11:19:42.653685,725753856,93,1128,42834
3bf40f8c-3d16-465d-ac29-f43dfe575b18_v3.fasta,2021-11-30 11:19:42.906747,725753856,94,727,60199
5901623c-fc74-4d62-949e-fb79d1bb9f7d_v3.fasta,2021-11-30 11:19:43.161243,725753856,95,1142,42049
f8267434-30d2-4380-9661-2f6657f19402_v3.fasta,2021-11-30 11:19:43.412232,725753856,96,782,35246
dbe02520-55f1-4ad5-b091-526b571f7a7e_v3.fasta,2021-11-30 11:19:43.661721,725753856,97,21,24123
4fb7abf9-5c9f-4b2f-9d40-f05aa2fec11f_v3.fasta,2021-11-30 11:19:43.915258,725753856,98,440,35547
f655ea4e-bdcc-4ef1-9cfd-b50d8eb8d150_v3.fasta,2021-11-30 11:19:44.168457,725753856,99,782,31723
242d9334-ace2-48a6-a69f-c6fd6b1f10c1_v3.fasta,2021-11-30 11:19:44.627261,749690880,100,0,0
d910798d-c6d3-4e9f-bcda-76b9e320e415_v3.fasta,2021-11-30 11:19:44.878343,749690880,101,427,42540
8e3237c3-f8ad-4303-8120-04e96a273cdb_v3.fasta,2021-11-30 11:19:45.133278,749690880,102,1132,41742
3e66ce45-803c-464e-9508-74a077b50277_v3.fasta,2021-11-30 11:19:45.711789,751788032,103,0,0
b697405f-9570-46d8-b192-d15b11d33f5c_v3.fasta,2021-11-30 11:19:45.966056,726577152,104,1715,36527
7d31f1de-e13f-415e-9049-6cc57a7b924b_v3.fasta,2021-11-30 11:19:46.223581,726577152,105,1970,82653
2c2491af-91c2-4975-98cf-2ca5ea2887be_v3.fasta,2021-11-30 11:19:46.473497,730902528,106,1114,26560
534328fc-1471-4673-a015-f32cb8ddd9b8_v3.fasta,2021-11-30 11:19:47.061244,760610816,107,0,0
ad3a02d2-ffba-40f1-836e-4f71eefaeec4_v3.fasta,2021-11-30 11:19:47.315100,733085696,108,1132,35213
6736d3dd-75f2-41ea-8d68-15d90f6cc58e_v3.fasta,2021-11-30 11:19:47.604073,762552320,109,0,0
c253b307-58a7-49a7-ad71-e61cb15bea1b_v3.fasta,2021-11-30 11:19:47.855866,762552320,110,1128,40829
d2cbe06f-c34b-497c-beea-f5638aedc7aa_v3.fasta,2021-11-30 11:19:48.108703,762552320,111,440,40701
2bbd6584-50d9-4795-9471-ae2eceefb831_v3.fasta,2021-11-30 11:19:48.358491,762552320,112,757,29951
94716a39-6940-4e48-acd1-5e2b2f7c3b03_v3.fasta,2021-11-30 11:19:48.611268,762552320,113,1116,49971
f5728839-a843-43e6-9222-0aeb1e4e8525_v3.fasta,2021-11-30 11:19:48.867836,762552320,114,1911,107439
9a310ace-ca47-432e-97df-b74e00aa78d6_v3.fasta,2021-11-30 11:19:49.409989,775942144,115,0,0
dd2aad99-fae3-445a-b73d-f2dc970dc6d8_v3.fasta,2021-11-30 11:19:49.663291,741441536,116,1138,46865
c90ce9b9-1f88-450c-8cb6-b8eceabf72de_v3.fasta,2021-11-30 11:19:49.919591,750092288,117,757,51377
f60af147-aa5d-49f6-ab0e-8460409013e3_v3.fasta,2021-11-30 11:19:50.173130,754688000,118,488,29922
fcd5e06f-afea-46a2-bc7f-cbc15651bf2f_v3.fasta,2021-11-30 11:19:50.756317,784330752,119,0,0
bc61fdd4-ab41-49bb-84a4-fa1272461498_v3.fasta,2021-11-30 11:19:51.010388,784330752,120,1120,61166
45b6865a-14e1-4459-91b3-d123dd310c96_v3.fasta,2021-11-30 11:19:51.434389,786427904,121,0,0
1a1e9f3e-db28-436b-8910-a2087acbd1d4_v3.fasta,2021-11-30 11:19:51.684560,786427904,122,439,35049
f616c753-39a2-4fe0-9885-bf824f75cfea_v3.fasta,2021-11-30 11:19:51.935480,786427904,123,1144,42137
9422cc92-5f5d-4e19-b082-48e0d73151fa_v3.fasta,2021-11-30 11:19:52.189281,786427904,124,754,40400
60a7ae93-8084-4266-8c0b-5a8cdaa4c4d5_v3.fasta,2021-11-30 11:19:52.440114,786427904,125,762,37671
1440c557-8453-4bc1-9cf5-5760fafae116_v3.fasta,2021-11-30 11:19:53.023644,792936448,126,0,0
f417c505-2b41-4494-9e38-6ad3fad9cdcb_v3.fasta,2021-11-30 11:19:53.560274,792936448,127,0,0
92228250-228b-492c-9779-658e8c181b86_v3.fasta,2021-11-30 11:19:54.138658,795033600,128,0,0
0c05f818-9fe8-467e-b96b-38caf8dca9a8_v3.fasta,2021-11-30 11:19:54.390817,765227008,129,1150,40030
dad9cbe2-6639-42fd-b527-aaf70111d6fb_v3.fasta,2021-11-30 11:19:54.969885,795033600,130,0,0
36487960-12bc-4326-ab95-7f358cd524fb_v3.fasta,2021-11-30 11:19:55.549734,795033600,131,0,0
d05c8ef8-b146-4873-b297-8d3ab5389948_v3.fasta,2021-11-30 11:19:55.802470,795033600,132,1131,43744
365f634b-e065-4c14-b1d8-87825d01e8d5_v3.fasta,2021-11-30 11:19:56.380381,795033600,133,0,0
f190c625-941f-4c44-a0e1-d61e19a2f5f4_v3.fasta,2021-11-30 11:19:56.631939,795033600,134,761,35681
489c776d-ecff-4794-9782-056e089945ff_v3.fasta,2021-11-30 11:19:56.883094,795033600,135,441,37740
d9127ee8-6af0-41f8-87d8-0331b4d89fdd_v3.fasta,2021-11-30 11:19:57.394574,801542144,136,0,0
c65bdcc0-bfd5-42ae-8ed3-bde65b307048_v3.fasta,2021-11-30 11:19:57.971127,801542144,137,0,0
508ae40d-e707-42a9-bb4c-687ef2ef4526_v3.fasta,2021-11-30 11:19:58.225124,801542144,138,768,44329
8bda28bd-bb81-463d-8837-bfa6c28ae828_v3.fasta,2021-11-30 11:19:58.475331,801542144,139,1132,35811
6e7aaa46-ac85-4299-b79f-ac65caca58c2_v3.fasta,2021-11-30 11:19:58.726635,801542144,140,1152,38527
03d026a0-7fc4-4466-942e-b08133e13bcb_v3.fasta,2021-11-30 11:19:58.981684,801542144,141,1693,27693
ba2a2a95-b3c4-4f6c-9fd7-112bdbae3775_v3.fasta,2021-11-30 11:19:59.234681,801542144,142,790,32899
f4d22646-6018-4392-a4cb-3b2ca2e588fd_v3.fasta,2021-11-30 11:19:59.486493,801542144,143,660,54117
a2dd91b9-2a76-412c-a555-f718086dbc63_v3.fasta,2021-11-30 11:19:59.737490,801542144,144,1127,29465
09b128eb-0aee-4a64-8363-01df42bbd5c8_v3.fasta,2021-11-30 11:19:59.987917,801542144,145,457,29963
5134a5ae-a0d8-45a0-8316-774a10188165_v3.fasta,2021-11-30 11:20:00.240772,801542144,146,21,28135
b6178eb7-e137-4254-bed2-34f6bc91f76f_v3.fasta,2021-11-30 11:20:00.496219,801542144,147,1699,86676
1ceecb33-ad87-494f-acb9-71aac49df33d_v3.fasta,2021-11-30 11:20:00.747068,801542144,148,768,31689
d97bd27c-ee71-4398-b857-5890a43f5e6f_v3.fasta,2021-11-30 11:20:01.331202,827363328,149,0,0
d9bd7a35-f599-4494-a414-eb31dffe93ff_v3.fasta,2021-11-30 11:20:01.584867,802148352,150,1659,41511
e9105705-90ba-4dda-b3b4-e2af7b3a00d4_v3.fasta,2021-11-30 11:20:01.838601,802148352,151,21,37400
0c8c79c1-9d36-4730-a7d9-c759eece6973_v3.fasta,2021-11-30 11:20:02.096394,810799104,152,427,36653
8831850e-49d6-4cf7-9753-5626506b62c7_v3.fasta,2021-11-30 11:20:02.346830,810799104,153,748,31362
168b529e-8751-4a8b-b4d4-8925211f8db3_v3.fasta,2021-11-30 11:20:02.816947,833871872,154,0,0
4dbea647-25ef-4a43-bae6-77d061b0e26d_v3.fasta,2021-11-30 11:20:03.395565,838283264,155,0,0
ea4a9d9d-6e5c-47f2-9865-f809895a16c8_v3.fasta,2021-11-30 11:20:03.659314,808476672,156,0,0
a53e1218-c4c0-417e-80e4-b1cc8b427786_v3.fasta,2021-11-30 11:20:03.914750,808476672,157,1101,57850
9a9fd34b-9450-4243-af5f-6b4008ee98d1_v3.fasta,2021-11-30 11:20:04.232518,838213632,158,0,0
424f38b2-210b-43a7-bd69-d105d42d7781_v3.fasta,2021-11-30 11:20:04.825902,833871872,159,0,0
10ffb849-c5e8-4a66-8dc9-0b3dc2f33b73_v3.fasta,2021-11-30 11:20:05.082866,833871872,160,1121,51919
08f82760-e8a9-4d0f-bff6-da761877f5b8_v3.fasta,2021-11-30 11:20:05.339784,833871872,161,1692,46557
12f17c68-df2b-4e56-af5a-849bb341eede_v3.fasta,2021-11-30 11:20:05.591978,833871872,162,767,42982
9ce8778a-b89d-4241-85f2-e23f8a676169_v3.fasta,2021-11-30 11:20:05.848485,833871872,163,1136,52248
3fd3fe94-1cac-4336-a429-2dc36d274ace_v3.fasta,2021-11-30 11:20:06.104664,833871872,164,671,44965
6eff9f9f-4ab0-4004-b344-f0dda642f749_v3.fasta,2021-11-30 11:20:06.570562,849203200,165,0,0
bbd432b7-6fdf-428a-83c9-43488de2c4bf_v3.fasta,2021-11-30 11:20:06.824838,821678080,166,1715,39550
348afd76-3b52-4cb4-9d73-90cc693d957b_v3.fasta,2021-11-30 11:20:07.135255,826003456,167,0,0
255ab731-29da-479c-8efa-b8d409910208_v3.fasta,2021-11-30 11:20:07.388266,826003456,168,1133,49538
31ff54c8-114f-44bc-a5c5-432d2caf8a05_v3.fasta,2021-11-30 11:20:07.643241,826003456,169,1912,85662
9d9f56f0-f644-41ed-b0a3-2ecbd8d220c6_v3.fasta,2021-11-30 11:20:07.901061,834924544,170,672,45936
692cefc0-9c32-4d6e-a4b6-2b13a3f1a40b_v3.fasta,2021-11-30 11:20:08.156871,834924544,171,440,61565
1f67a4b1-9f17-4871-9183-fbe252779148_v3.fasta,2021-11-30 11:20:08.409328,834924544,172,777,55857
ec91a4e4-afcd-4556-9ad1-27fab5bfb7a0_v3.fasta,2021-11-30 11:20:08.668180,838709248,173,688,41527
48c5bedf-7e06-48db-923c-601da269a034_v3.fasta,2021-11-30 11:20:08.927526,843304960,174,19,26356
320a63cc-ec7e-4be5-8750-bab9562cfc5c_v3.fasta,2021-11-30 11:20:09.180566,845197312,175,1007,26099
817deeea-bc6b-47d6-9643-37c64e54c29c_v3.fasta,2021-11-30 11:20:09.431374,845197312,176,436,32224
95013d20-cd50-4407-bd99-8abbcdd8a1b1_v3.fasta,2021-11-30 11:20:09.731973,870068224,177,0,0
71b64460-a20c-43e7-b817-e80c9e09f112_v3.fasta,2021-11-30 11:20:09.982844,870068224,178,1150,34254
bb35934e-4ec7-43e0-a331-162e8e50ea98_v3.fasta,2021-11-30 11:20:10.241899,870068224,179,746,47547
f8aac4e7-7b96-4751-92ad-84e70b8a273d_v3.fasta,2021-11-30 11:20:10.492866,870068224,180,766,28000
590cf32a-2e57-47ef-a3aa-6379c1cbb47d_v3.fasta,2021-11-30 11:20:10.744667,870068224,181,1159,42437
80bb9eda-cd79-43d5-b0d5-3b70edaaa628_v3.fasta,2021-11-30 11:20:11.001377,870068224,182,628,44135
5652f5c0-d8fe-48cc-923b-656f029ba927_v3.fasta,2021-11-30 11:20:11.254710,870068224,183,1131,36122
aaa7423e-a4e9-4586-9f7f-f631695c216d_v3.fasta,2021-11-30 11:20:11.506201,870068224,184,420,30698
52967ef0-ba21-49c8-a7ef-fa1a19897618_v3.fasta,2021-11-30 11:20:11.756686,870068224,185,1131,39363
f875f859-c1f2-41f0-b076-79a75565b5e4_v3.fasta,2021-11-30 11:20:12.009303,870068224,186,623,45782
3fc39d0e-f54c-4132-82cc-d63e753635c6_v3.fasta,2021-11-30 11:20:12.262709,870068224,187,791,38618
32a26620-da19-4836-92db-9b02940c3f49_v3.fasta,2021-11-30 11:20:12.512629,870068224,188,21,23434
ed43d473-deef-4c51-a6f5-ef04618ada08_v3.fasta,2021-11-30 11:20:13.036678,896425984,189,0,0
d721d82e-fb41-4997-bdd3-e2103027f727_v3.fasta,2021-11-30 11:20:13.290204,896425984,190,751,50926
b56adfff-2e53-4a45-a27d-61d3c80fa0ef_v3.fasta,2021-11-30 11:20:13.868122,896425984,191,0,0
46a8e608-7fc6-4cc4-a9c3-bc91f0baf784_v3.fasta,2021-11-30 11:20:14.123453,871215104,192,1120,29714
901af9f2-6f6d-4dc0-9d73-e637315b0f52_v3.fasta,2021-11-30 11:20:14.375101,875540480,193,1135,37336
3a8b0015-b02d-4c64-bae8-e9ba862b12b3_v3.fasta,2021-11-30 11:20:14.627026,879865856,194,1719,41110
6b90bafc-53d7-43e0-8532-9306967aed15_v3.fasta,2021-11-30 11:20:14.879061,884191232,195,1128,40768
48c80497-2c67-41a5-a864-c54580025613_v3.fasta,2021-11-30 11:20:15.132695,884191232,196,469,32217
3beba46b-412d-49c6-b2fc-2404d026b46d_v3.fasta,2021-11-30 11:20:15.389164,886353920,197,2131,105851
5c7af243-bb27-4664-b208-b9cbde8e8ea3_v3.fasta,2021-11-30 11:20:15.641412,890679296,198,784,50527
d1780575-ea6d-41b9-91cb-5dcdada47375_v3.fasta,2021-11-30 11:20:15.892976,895004672,199,554,32378
83e5b2f5-bae7-49fc-9927-3f4a887fa15a_v3.fasta,2021-11-30 11:20:16.146254,895004672,200,1692,40744
fba5c313-bd2f-454a-82fd-77ea4b9dfd0a_v3.fasta,2021-11-30 11:20:16.725298,916000768,201,0,0
0451001d-dc9b-4b37-90f2-48ca425aa7e9_v3.fasta,2021-11-30 11:20:17.027891,920322048,202,0,0
5e0c6c4b-f3d3-4426-8d3f-e99094a9ccd2_v3.fasta,2021-11-30 11:20:17.281005,920322048,203,1141,53360
bbb36a49-8767-4839-b261-4202c5d1b1f1_v3.fasta,2021-11-30 11:20:17.536279,920322048,204,1951,85945
8a351ca5-0716-4daf-8665-a966dc26d540_v3.fasta,2021-11-30 11:20:17.995818,929234944,205,0,0
4b28361e-a175-43d0-9c16-ec14a4728ef3_v3.fasta,2021-11-30 11:20:18.251439,903831552,206,1683,33249
2a6cb0aa-c9d3-44ed-b53d-2d035fefe928_v3.fasta,2021-11-30 11:20:18.502263,908156928,207,1133,34664
ead0ca48-77fe-4d10-aa6f-3e06053d2701_v3.fasta,2021-11-30 11:20:18.752559,908156928,208,756,39885
549080c2-a561-4b41-ba3b-9fba7082501a_v3.fasta,2021-11-30 11:20:19.006514,910319616,209,601,60207
4dc3359c-0007-4b7f-99fa-fca444329450_v3.fasta,2021-11-30 11:20:19.259021,910319616,210,650,45678
aebad1a1-d128-4aaf-b99b-5c7d97a130a1_v3.fasta,2021-11-30 11:20:19.511236,914644992,211,1124,37234
0f53e2e9-b115-4bfb-8dca-133852e958e3_v3.fasta,2021-11-30 11:20:19.762424,916807680,212,1130,31196
fccdfb4b-2d55-47f4-a874-0abaf30f6f36_v3.fasta,2021-11-30 11:20:20.017044,916807680,213,1146,42261
e8a2a700-29f5-45e5-9c8a-41639aaec58e_v3.fasta,2021-11-30 11:20:20.490749,941817856,214,0,0
2ff5b3ca-51a0-4551-bc9d-c855b5fec2fa_v3.fasta,2021-11-30 11:20:20.962986,942034944,215,0,0
36125f12-3c7e-4518-afc7-0a456722bb47_v3.fasta,2021-11-30 11:20:21.218931,916824064,216,749,38388
d8ee63f7-0d5d-432c-93b8-a5d02fe63b7a_v3.fasta,2021-11-30 11:20:21.470006,921149440,217,766,30317
618998b6-05e2-4927-bc60-525dd194f7fd_v3.fasta,2021-11-30 11:20:21.722774,925474816,218,669,44081
82ecc963-9fe2-4257-8f19-57aa2cd06251_v3.fasta,2021-11-30 11:20:21.977706,929800192,219,1130,52678
0468b83d-736b-42c6-9590-83ba80b3df9b_v3.fasta,2021-11-30 11:20:22.230930,929800192,220,596,45123
75ccc428-cf77-4cfb-83df-00c814477f97_v3.fasta,2021-11-30 11:20:22.482720,934125568,221,1125,38728
d8347d1b-438d-4d74-896d-a3900d11445a_v3.fasta,2021-11-30 11:20:22.733903,938450944,222,22,28105
e852f750-28b6-4cc4-9fdf-ff73a282434f_v3.fasta,2021-11-30 11:20:22.988252,938450944,223,21,28011
cd46f7cf-5b58-4873-9ac6-41a461d883cb_v3.fasta,2021-11-30 11:20:23.242069,943046656,224,1710,38829
5ef16f4a-3c28-49c9-b3e5-29877d31cfb9_v3.fasta,2021-11-30 11:20:23.492125,943046656,225,589,31411
8b2c9f52-e963-4e41-ae7e-d33f19b73eb3_v3.fasta,2021-11-30 11:20:23.742051,945209344,226,22,27074
9276fdac-1336-4cbf-aead-79490baed722_v3.fasta,2021-11-30 11:20:23.993046,945209344,227,774,34877
f240c703-6036-474b-9fd1-6ec8717b2b76_v3.fasta,2021-11-30 11:20:24.248647,947101696,228,1717,66951
0de6363e-ef3c-480d-96eb-8ff4714f7a4c_v3.fasta,2021-11-30 11:20:24.497821,947101696,229,430,33703
2f66423c-9868-4794-bddb-f5ebe603ab9e_v3.fasta,2021-11-30 11:20:24.750226,947101696,230,1128,33834
83f66635-d31a-4b46-968f-ff4b1baaa81a_v3.fasta,2021-11-30 11:20:25.002937,951697408,231,641,29572
bb5b59dc-9658-4067-bf92-da07d4355c96_v3.fasta,2021-11-30 11:20:25.259418,960348160,232,1723,41561
b2dfc126-c695-4f31-bd13-fe9d88cd511e_v3.fasta,2021-11-30 11:20:25.510730,960348160,233,611,43374
54f37a88-4c12-46b1-8b02-df9449795d22_v3.fasta,2021-11-30 11:20:25.764934,962510848,234,1682,41103
329f7d14-3785-459b-bd69-2ba1522417e6_v3.fasta,2021-11-30 11:20:26.019991,962510848,235,1153,46130
49246f59-18f5-42eb-8a8c-3c77db3c97fb_v3.fasta,2021-11-30 11:20:26.598816,983838720,236,0,0
be3f9c04-78a8-4bfe-b1a5-6a660789321c_v3.fasta,2021-11-30 11:20:26.853259,983838720,237,1695,42765
84f4cb3e-05c5-4e47-a26e-bf98a0d73f4c_v3.fasta,2021-11-30 11:20:27.111851,983838720,238,776,77484
63c952e5-9376-4472-a65a-a405eaf564a6_v3.fasta,2021-11-30 11:20:27.687294,994324480,239,0,0
d0485f61-461a-4698-853d-0fd237d79190_v3.fasta,2021-11-30 11:20:27.940733,969113600,240,32,29446
03f1f15d-7d8f-4fc7-b7da-bd05e649c43d_v3.fasta,2021-11-30 11:20:28.504646,994324480,241,0,0
b6daf4d9-3550-4c0b-8258-060953201916_v3.fasta,2021-11-30 11:20:28.758027,994324480,242,1125,62949
15cf8e5f-2f51-4b45-b0ec-953bbea906bd_v3.fasta,2021-11-30 11:20:29.015587,994324480,243,1135,43489
a45af4fe-75ad-4969-a385-2b80c4a5dbed_v3.fasta,2021-11-30 11:20:29.268373,994324480,244,1125,39657
f8429905-011f-49cd-978f-e67b523b181f_v3.fasta,2021-11-30 11:20:29.517855,994324480,245,21,25063
2c6bdf57-5eb1-48fb-bffb-8270ddb48185_v3.fasta,2021-11-30 11:20:30.067834,1000615936,246,0,0
d026ddba-007e-4a37-8cdb-e8f9cb5cd5c3_v3.fasta,2021-11-30 11:20:30.534510,1000833024,247,0,0
1def7263-4cb5-47c6-b480-96aa561b1b04_v3.fasta,2021-11-30 11:20:30.788643,975622144,248,772,47960
27758a06-4431-4486-9220-a2c1c5b3ce3f_v3.fasta,2021-11-30 11:20:31.042713,984272896,249,1121,40605
0680dacb-02df-4600-92fd-d1e4b1151908_v3.fasta,2021-11-30 11:20:31.612158,1009655808,250,0,0
dd72018a-9300-45c7-b825-f61936c143f0_v3.fasta,2021-11-30 11:20:32.200535,1005027328,251,0,0
88cd4144-c5f6-4b37-99ad-738ab17e6ea5_v3.fasta,2021-11-30 11:20:32.451766,1005027328,252,434,40671
7155991c-7052-4fc8-bf21-6eee2da63c35_v3.fasta,2021-11-30 11:20:33.027173,1009655808,253,0,0
bb706cd4-d1aa-4bc2-ad3f-299cef78b374_v3.fasta,2021-11-30 11:20:33.279121,1009655808,254,787,34217
09a0df80-a9a1-40d8-9609-8ff68e8c318f_v3.fasta,2021-11-30 11:20:33.534950,1009655808,255,1102,91595
ff94c6e2-2219-4884-b108-8a5ec89f18b4_v3.fasta,2021-11-30 11:20:34.069263,1016164352,256,0,0
cfcfca3b-9799-43fa-af93-230d82ba9d4d_v3.fasta,2021-11-30 11:20:34.320368,1016164352,257,786,39608
df0f9ac0-ccd4-41dd-923b-2ac06f6ffa82_v3.fasta,2021-11-30 11:20:34.572014,1016164352,258,1113,43570
a3fd8b95-9dae-4cfd-a048-b463175ca73b_v3.fasta,2021-11-30 11:20:34.824868,1016164352,259,668,39539
28604676-45d0-4799-95c0-de21c1ffa0d4_v3.fasta,2021-11-30 11:20:35.360892,1020358656,260,0,0
4c54c0bf-a7c0-4df6-b6d7-d95aa2140800_v3.fasta,2021-11-30 11:20:35.611618,1020358656,261,737,38235
7af655cd-f727-4e78-989c-fd0dee2f32b1_v3.fasta,2021-11-30 11:20:35.961846,1022455808,262,0,0
0542776c-96a3-4794-8528-bea33c9725d6_v3.fasta,2021-11-30 11:20:36.214682,1022455808,263,677,35252
c31e1edf-b523-4709-84dc-89e913eecd6a_v3.fasta,2021-11-30 11:20:36.468501,1022455808,264,756,79014
30040238-5f85-4261-9cf3-6918cb416175_v3.fasta,2021-11-30 11:20:36.719333,1022455808,265,1707,45569
97777d5d-381d-46a7-850c-5e46e6a008a1_v3.fasta,2021-11-30 11:20:36.970648,1022455808,266,651,35509
c443de64-dacc-4703-8bb8-2e7d5aa8006a_v3.fasta,2021-11-30 11:20:37.222804,1022455808,267,730,32375
9da9b539-9353-4d97-8ca4-14da00070007_v3.fasta,2021-11-30 11:20:37.473017,1022455808,268,1696,38980
c37eb8ca-f66c-40b7-aefe-444f51451d1d_v3.fasta,2021-11-30 11:20:37.724735,1022455808,269,1119,42360
fd58628e-23a0-4dc9-989c-1707f9891772_v3.fasta,2021-11-30 11:20:37.979794,1022455808,270,1125,44963
44319d01-ea26-48c7-807d-d39170c34ebd_v3.fasta,2021-11-30 11:20:38.233529,1025695744,271,753,45191
53dcf176-29a4-4229-883e-fd9dfb7b3a89_v3.fasta,2021-11-30 11:20:38.485700,1030021120,272,1139,42068
f3c4bfe7-47d3-4674-a16d-38c96a7b4d49_v3.fasta,2021-11-30 11:20:38.750385,1030021120,273,0,0
d292950c-1c45-4baf-8bd2-f98abaa134d4_v3.fasta,2021-11-30 11:20:39.001007,1030021120,274,677,34350
b974df70-c23b-4bb2-8183-4a5f4b8f12a9_v3.fasta,2021-11-30 11:20:39.255975,1034076160,275,727,47525
03c37a9a-42f0-4f25-9d89-fdc3fc5ce1bb_v3.fasta,2021-11-30 11:20:39.836191,1051021312,276,0,0
fe28b6b7-094b-4712-bf84-f84733953ebc_v3.fasta,2021-11-30 11:20:40.088283,1051021312,277,1115,32352
ba4ac1ab-5a77-4741-9dc1-70e02a6eff50_v3.fasta,2021-11-30 11:20:40.661975,1054998528,278,0,0
26755eab-46e9-48e9-95cb-3743561cd180_v3.fasta,2021-11-30 11:20:40.916979,1054998528,279,748,43584
52c573fb-9df9-485a-8e92-cfc6591ba830_v3.fasta,2021-11-30 11:20:41.171637,1054998528,280,1133,41677
80bc8fa4-fc74-4f4e-85a9-6a9912829eb4_v3.fasta,2021-11-30 11:20:41.422922,1054998528,281,1118,47903
6b73adef-22e8-4bbb-98bf-86f54f4a71e5_v3.fasta,2021-11-30 11:20:41.673455,1054998528,282,765,40853
2cafacd2-6cba-4e04-827c-a79533057d4d_v3.fasta,2021-11-30 11:20:42.092814,1054998528,283,1151,35093
93de616f-e5eb-4507-9557-e2f78ce731fd_v3.fasta,2021-11-30 11:20:42.666976,1063825408,284,0,0
2a854c62-1e69-4c0e-88cd-c6964fc488d3_v3.fasta,2021-11-30 11:20:42.921274,1038610432,285,766,46569
008a136e-8984-4d9f-865f-e62f039502ac_v3.fasta,2021-11-30 11:20:43.467490,1068236800,286,0,0
5bba04c2-71c7-4c60-8287-8893abaea968_v3.fasta,2021-11-30 11:20:43.721550,1040707584,287,1143,43463
3499cf8e-912d-451a-8ecf-9e9768f83aba_v3.fasta,2021-11-30 11:20:43.977102,1045032960,288,1138,41473
8293ecb8-cd67-4b16-877c-02ac812a6696_v3.fasta,2021-11-30 11:20:44.288881,1069903872,289,0,0
0c32aa62-bd48-4309-a511-68b5bc152502_v3.fasta,2021-11-30 11:20:44.538304,1069903872,290,258,30126
6c45ad8c-5186-4244-b484-2cb52266e623_v3.fasta,2021-11-30 11:20:44.787768,1069903872,291,1142,28635
b04e67e6-478f-48f6-b8ea-f8d35c41ea82_v3.fasta,2021-11-30 11:20:45.040963,1069903872,292,691,44716
42e61699-770a-43a4-af70-690d2fe6acaa_v3.fasta,2021-11-30 11:20:45.293586,1069903872,293,1131,41953
75540c85-7c2e-4b37-9072-7f0f505a22cf_v3.fasta,2021-11-30 11:20:45.543927,1069903872,294,671,43177
ef921cc8-bd61-4ebf-88d2-4ae31d17c2ef_v3.fasta,2021-11-30 11:20:45.794053,1069903872,295,1125,36637
d1615523-99ca-4b25-997d-fba5e151f876_v3.fasta,2021-11-30 11:20:46.047737,1069903872,296,1117,50084
20e15b6b-f8aa-46ce-91f9-fe144c56d910_v3.fasta,2021-11-30 11:20:46.298185,1069903872,297,1144,31610
2c5a1990-cd81-4bc9-bb72-f3b25372e37e_v3.fasta,2021-11-30 11:20:46.834188,1089859584,298,0,0
329bdaf0-1d51-4674-a69c-d75d2eb74d0a_v3.fasta,2021-11-30 11:20:47.411111,1089859584,299,0,0
5dcfa138-c19d-42ab-9564-e23080807170_v3.fasta,2021-11-30 11:20:47.663113,1089859584,300,1143,52061
ec17dd91-abd0-416b-aaff-7fede93dee3a_v3.fasta,2021-11-30 11:20:47.915683,1089859584,301,741,57264
2c59e9d7-604c-47f0-b34e-8eeafdb34694_v3.fasta,2021-11-30 11:20:48.486387,1094053888,302,0,0
f7dc8828-c9d5-4c50-a08c-71cf55701671_v3.fasta,2021-11-30 11:20:48.736465,1094053888,303,780,30905
b9e92772-3d6e-404f-80ec-baee41e7b0ae_v3.fasta,2021-11-30 11:20:49.316166,1094053888,304,0,0
e6ebc811-5372-49f6-95ca-5c2a5aeb9313_v3.fasta,2021-11-30 11:20:49.895595,1094053888,305,0,0
2f306d6c-5a52-4b88-a96e-c220903832ac_v3.fasta,2021-11-30 11:20:50.448885,1098465280,306,0,0
a9e23c7d-5e64-473f-972f-a68d0f84d1df_v3.fasta,2021-11-30 11:20:51.035651,1093836800,307,0,0
5a73591d-71c3-48ca-a04c-a477f1c4b4b7_v3.fasta,2021-11-30 11:20:51.288524,1093836800,308,1102,45030
b49bc633-045d-4eee-bd94-daa7b2808d48_v3.fasta,2021-11-30 11:20:51.539527,1093836800,309,763,47269
b9bae67f-bfbb-416c-b93a-364f99d746fd_v3.fasta,2021-11-30 11:20:51.840139,1102753792,310,0,0
721123f3-0038-487b-b6a6-1691a5cb0662_v3.fasta,2021-11-30 11:20:52.422788,1096151040,311,0,0
41dd973a-0887-4fcb-8bfe-94d291e9cb0b_v3.fasta,2021-11-30 11:20:52.673781,1096151040,312,749,45647
bfbd9ed4-68b4-41e4-a51b-b99fd0787fa4_v3.fasta,2021-11-30 11:20:52.932935,1096151040,313,1130,49178
036a2c0f-38c2-4358-99c6-38922b6aeb3f_v3.fasta,2021-11-30 11:20:53.186960,1096151040,314,1144,34715
58e908f7-2ba6-490e-aaa5-389a2622af07_v3.fasta,2021-11-30 11:20:53.436817,1096151040,315,1140,31841
032caf59-42a5-47fd-ab22-5811b61b67ca_v3.fasta,2021-11-30 11:20:53.687501,1096151040,316,1155,39212
c87a4f09-1f86-456c-a4a7-4eade89e6a92_v3.fasta,2021-11-30 11:20:53.938949,1096151040,317,606,46042
b7bd564a-58c5-4cba-af2c-79d296ad8fea_v3.fasta,2021-11-30 11:20:54.191318,1096151040,318,420,33270
096fc2ea-6366-4254-9cbe-659fbf910467_v3.fasta,2021-11-30 11:20:54.660147,1113362432,319,0,0
38ab2c76-efed-4223-b298-3bb82cf38750_v3.fasta,2021-11-30 11:20:55.236192,1117773824,320,0,0
fdb930f0-6daa-44bc-9816-ad0510b24480_v3.fasta,2021-11-30 11:20:55.818441,1113362432,321,0,0
bc9e9fa5-a26a-4425-8e32-f73b63f9bb4a_v3.fasta,2021-11-30 11:20:56.073200,1113362432,322,781,36301
155e5a02-b384-41b5-b039-50fcbca5755c_v3.fasta,2021-11-30 11:20:56.323967,1113362432,323,648,37368
033ada11-5231-4b87-9a5c-7bdf7e89c17f_v3.fasta,2021-11-30 11:20:56.573945,1113362432,324,1664,33072
dd7726dd-7add-4ea2-a4a5-4316f6495adf_v3.fasta,2021-11-30 11:20:56.828296,1113362432,325,1673,84298
c74dd6d2-bc81-47ef-8f12-7b6965062f4f_v3.fasta,2021-11-30 11:20:57.082524,1113362432,326,754,47495
2ef9e7db-5a54-41d8-a4c2-015eb2f15b3f_v3.fasta,2021-11-30 11:20:57.334394,1113362432,327,1143,32240
f1a896fc-e1be-4e83-8f9d-1ec4c23bc3d4_v3.fasta,2021-11-30 11:20:57.584248,1113362432,328,1127,40736
70ab5535-d79d-41ed-b2c6-1a2cc0a6ed28_v3.fasta,2021-11-30 11:20:57.837716,1113362432,329,1128,45519
b8c572a2-5615-4447-ba59-5e1fc35ff0b5_v3.fasta,2021-11-30 11:20:58.090413,1113362432,330,439,30735
3f9b2bdd-04fd-4e16-a5e9-48ff3541916b_v3.fasta,2021-11-30 11:20:58.341181,1113362432,331,1130,40334
d744a049-1ad9-49fd-af55-eb772249d9f1_v3.fasta,2021-11-30 11:20:58.593487,1120927744,332,736,45213
78da7ecc-0870-4192-9289-83ddc1d5a2d4_v3.fasta,2021-11-30 11:20:59.180686,1146122240,333,0,0
a0734aa8-c63a-4642-9fb7-bd02d1699a27_v3.fasta,2021-11-30 11:20:59.434457,1118597120,334,464,29569
2dff89b6-0233-4a2d-9ce8-29aebbbcabba_v3.fasta,2021-11-30 11:20:59.686669,1118597120,335,1130,42619
61ef5bb8-1dac-4174-9096-8836128ebda7_v3.fasta,2021-11-30 11:21:00.267582,1143590912,336,0,0
02d21ba5-581c-41db-beac-96dae2529929_v3.fasta,2021-11-30 11:21:00.518232,1143590912,337,19,27199
b850a815-69a9-4b16-b9fc-57a234b9ab60_v3.fasta,2021-11-30 11:21:00.770758,1143590912,338,429,39328
0cedc661-d97f-415d-b780-4621ffdedebd_v3.fasta,2021-11-30 11:21:01.023773,1143590912,339,1151,44838
720ce7f5-84bd-43ee-9fe9-ced9e0b2d735_v3.fasta,2021-11-30 11:21:01.275809,1143590912,340,434,30221
074501b8-bee6-45da-bd5c-9580bc18e3a8_v3.fasta,2021-11-30 11:21:01.526708,1143590912,341,668,45151
823e80c1-0929-49cb-a1db-d1a5f81256a8_v3.fasta,2021-11-30 11:21:01.780241,1143590912,342,1124,52208
5c00a426-8e48-4c5e-94a1-6036837eea74_v3.fasta,2021-11-30 11:21:02.371566,1163333632,343,0,0
8667eca5-ba7f-4aa2-8df0-4e1f36689b49_v3.fasta,2021-11-30 11:21:02.624759,1135808512,344,1165,35690
36b482c3-b20b-4295-942b-8467a3eb86e2_v3.fasta,2021-11-30 11:21:02.875573,1135808512,345,1157,38459
81ff2a98-6004-4ab8-a4c6-8b0aca7d8f29_v3.fasta,2021-11-30 11:21:03.130059,1139863552,346,1715,40703
a096e016-6408-4672-bdfe-d8cd5d7f7a8b_v3.fasta,2021-11-30 11:21:03.712971,1165213696,347,0,0
b02131b7-353d-469e-b049-3f2ffa762ba6_v3.fasta,2021-11-30 11:21:03.966745,1165213696,348,1121,45186
c2fe31be-2b24-4b7b-a822-d98ccfc75317_v3.fasta,2021-11-30 11:21:04.219718,1165213696,349,437,37652
189ee98e-c2f9-4cf6-8a90-6d5394c02d28_v3.fasta,2021-11-30 11:21:04.470560,1165213696,350,670,43318
1affc064-fc2f-4e9a-9696-0d97c39275c4_v3.fasta,2021-11-30 11:21:04.720802,1165213696,351,1152,31287
0f970c9c-2ba9-45ad-bbbb-e2c72787e51c_v3.fasta,2021-11-30 11:21:04.978809,1165213696,352,679,45156
8e2672ed-28e1-47b7-b6b3-0deeb6e442a8_v3.fasta,2021-11-30 11:21:05.232777,1165213696,353,1118,51271
d3de16e4-ac77-48aa-b072-f4d4b2255f13_v3.fasta,2021-11-30 11:21:05.482344,1165213696,354,1131,32086
858524a6-279a-4211-9b15-d103de09ca71_v3.fasta,2021-11-30 11:21:05.734088,1165213696,355,668,46358
bf2c7948-3992-41fb-92ab-f4a6da01ea51_v3.fasta,2021-11-30 11:21:05.987325,1165213696,356,1122,34422
3c195fcd-e52d-4dbc-beb4-4a1a4dc6686b_v3.fasta,2021-11-30 11:21:06.239809,1165213696,357,1654,34870
78504452-e95e-43c1-b48a-1bffa53459ac_v3.fasta,2021-11-30 11:21:06.494304,1165213696,358,1695,53301
122768c5-55a4-4756-b0e6-9406548188d7_v3.fasta,2021-11-30 11:21:07.083328,1189371904,359,0,0
c382ad66-75ce-4b7c-8ce9-8270478441ee_v3.fasta,2021-11-30 11:21:07.341508,1161842688,360,457,42536
a43b86b1-c265-49ca-8df5-f6e5309273b6_v3.fasta,2021-11-30 11:21:07.594596,1166168064,361,1134,46499
c8b5fe7d-2293-4c16-bfb9-03d2e2416f1a_v3.fasta,2021-11-30 11:21:07.851324,1166168064,362,435,35783
52d31c94-1891-4776-877f-bdcf0151928f_v3.fasta,2021-11-30 11:21:08.393706,1195663360,363,0,0
e994e8aa-df36-4121-983d-08f266046953_v3.fasta,2021-11-30 11:21:08.975533,1195663360,364,0,0
c74664d0-9d5a-4161-960a-ba8cc329747b_v3.fasta,2021-11-30 11:21:09.556656,1195663360,365,0,0
489f7fb8-7295-473f-88f1-2a6bd3211ec0_v3.fasta,2021-11-30 11:21:09.812565,1170448384,366,1129,41528
62408712-0d20-4d65-acad-7db2f86931d8_v3.fasta,2021-11-30 11:21:10.396599,1195663360,367,0,0
812b5348-d5de-45a4-a2af-7bcb6b37762c_v3.fasta,2021-11-30 11:21:10.648916,1170448384,368,1144,29176
6f8c1ee1-2da5-4a41-8fa5-070082792178_v3.fasta,2021-11-30 11:21:10.905634,1179099136,369,726,47261
6bae14c5-b752-4e36-abc4-5001b29dca55_v3.fasta,2021-11-30 11:21:11.158519,1179099136,370,1114,30764
47b725e7-3f62-422c-bee6-ca0f175d859a_v3.fasta,2021-11-30 11:21:11.408656,1179099136,371,1163,32521
caab85bb-e7b1-44bf-968a-b5ccdd326cfb_v3.fasta,2021-11-30 11:21:11.997249,1204051968,372,0,0
a72f48bf-da76-4ae8-9051-6878e261d22d_v3.fasta,2021-11-30 11:21:12.249974,1204051968,373,682,42779
23b9575a-3c51-4a4e-858e-34cf06bfd2a6_v3.fasta,2021-11-30 11:21:12.501355,1204051968,374,1709,42531
752eca00-a3a0-4cbe-84ca-7abedf13d3da_v3.fasta,2021-11-30 11:21:12.751431,1204051968,375,1727,32107
b6035be1-2d9c-48be-b7c5-572805053b7e_v3.fasta,2021-11-30 11:21:13.002454,1204051968,376,804,34940
fc84da64-c3cf-41e1-b2cd-185fdee613f2_v3.fasta,2021-11-30 11:21:13.254328,1204051968,377,233,26827
fa173f0f-d952-426a-9954-527cddf89282_v3.fasta,2021-11-30 11:21:13.508404,1204051968,378,1954,82908
b49d0da6-bb27-4c2c-a74a-619e5c7c6148_v3.fasta,2021-11-30 11:21:13.760155,1204051968,379,740,42840
3bce08ed-ce67-4af7-bf04-3d371f7f5bd1_v3.fasta,2021-11-30 11:21:14.017262,1204051968,380,692,39946
9adc01e1-840e-46a0-ace5-3021537ac5ee_v3.fasta,2021-11-30 11:21:14.272370,1207291904,381,1135,71155
9c45771a-cfbf-4fdf-8258-bba3a3d698d6_v3.fasta,2021-11-30 11:21:14.522586,1207291904,382,372,33514
ca87bc2e-8de9-4ec6-8eb5-ece077954b93_v3.fasta,2021-11-30 11:21:15.073806,1228206080,383,0,0
d410e7fb-8360-43cd-94b4-9c31def1d571_v3.fasta,2021-11-30 11:21:15.325080,1228206080,384,1121,34486
d8e3aa91-5d8c-4dcc-8a00-38d97269f78e_v3.fasta,2021-11-30 11:21:15.576509,1228206080,385,1109,39661
a6c818e5-9def-4c6f-9e71-223dce55758f_v3.fasta,2021-11-30 11:21:15.832565,1228206080,386,1133,93135
8ea168c8-00df-4326-984a-028ffe8660f3_v3.fasta,2021-11-30 11:21:16.084627,1228206080,387,1170,39610
e161a3e7-bcd6-4dad-88c0-b8566c66fc12_v3.fasta,2021-11-30 11:21:16.372926,1245773824,388,0,0
5acbcdc5-c9d2-4caa-b109-4090abe3e3e0_v3.fasta,2021-11-30 11:21:16.625915,1218109440,389,1140,40130
6abea7f4-7e82-4563-b5de-d3b8ab849470_v3.fasta,2021-11-30 11:21:17.211566,1243320320,390,0,0
0a3d0764-ee98-4bc2-b30c-0c780b0a533b_v3.fasta,2021-11-30 11:21:17.472909,1222434816,391,1089,118101
e69fd77f-5eca-422f-9b94-8e184530c21a_v3.fasta,2021-11-30 11:21:17.723433,1222434816,392,1134,40477
7ed634f4-7347-4541-a153-b902c8b0c798_v3.fasta,2021-11-30 11:21:17.975036,1226489856,393,1701,36419
4f05da2b-c624-4c64-9ec0-59ca9709fc21_v3.fasta,2021-11-30 11:21:18.228287,1226489856,394,1126,40315
977f26a1-041c-47fc-906c-e59c9f14f397_v3.fasta,2021-11-30 11:21:18.480342,1226489856,395,1145,40500
85452d63-e0e7-4e0b-9973-9af79e899d56_v3.fasta,2021-11-30 11:21:18.732030,1230815232,396,22,29502
981b9e63-e139-46bc-9736-a14731d34da9_v3.fasta,2021-11-30 11:21:18.983538,1235140608,397,34,29648
e6ec7477-5788-4138-911e-9637c270551d_v3.fasta,2021-11-30 11:21:19.543629,1260531712,398,0,0
afdd235a-fef8-418a-9736-3668bdd249ea_v3.fasta,2021-11-30 11:21:19.794896,1260531712,399,778,37143
0a337482-1653-473b-84bf-bd76d2639dcb_v3.fasta,2021-11-30 11:21:20.052720,1260531712,400,1690,47623
36f76d01-5622-4cf3-984d-cd11e46d31ba_v3.fasta,2021-11-30 11:21:20.305963,1260531712,401,754,41602
c73269ac-d62e-4dae-b22e-fb5efab9886f_v3.fasta,2021-11-30 11:21:20.783215,1266823168,402,0,0
ce47f0cc-ad8b-42cb-8931-3ce76dce9a17_v3.fasta,2021-11-30 11:21:21.037054,1266823168,403,1054,64352
93d8e6ff-6205-45c0-b560-561d4171e452_v3.fasta,2021-11-30 11:21:21.296073,1266823168,404,1913,104918
200f8432-4507-43e3-8a5d-1a0edbf1db33_v3.fasta,2021-11-30 11:21:21.597148,1266823168,405,1143,41627
010aa227-be50-4ab3-b752-33b6804ceeaa_v3.fasta,2021-11-30 11:21:21.848476,1266823168,406,1698,36216
5b431970-ea3c-40ac-8deb-7a65de623358_v3.fasta,2021-11-30 11:21:22.429508,1275211776,407,0,0
0c8d3d1e-1626-43c5-b7cf-7124f4b55d39_v3.fasta,2021-11-30 11:21:23.009754,1275428864,408,0,0
7c93b9ee-74c2-4ef7-a691-fedd8486d37a_v3.fasta,2021-11-30 11:21:23.320513,1275088896,409,0,0
7d4c84af-6927-474d-aad5-c8f7720134e7_v3.fasta,2021-11-30 11:21:23.571636,1275088896,410,1162,37846
20c07fb7-b3a8-4083-8d2e-d0d9da8d7e67_v3.fasta,2021-11-30 11:21:23.823454,1275088896,411,1128,48254
4e855c0c-2f5b-44f1-a704-074322ae66ff_v3.fasta,2021-11-30 11:21:24.075148,1275088896,412,236,26345
cf62492e-5e6e-447c-b72b-0ac0a2b525e9_v3.fasta,2021-11-30 11:21:24.327142,1275088896,413,574,43567
af68dc3a-a151-4f17-841f-ac51b02ad850_v3.fasta,2021-11-30 11:21:24.580757,1275088896,414,1087,61813
34199fed-6d0c-4f9c-b99a-cf4eb714934c_v3.fasta,2021-11-30 11:21:24.832845,1275088896,415,757,55104
c631eff3-aaca-4b9e-9c9c-3f515cf131e6_v3.fasta,2021-11-30 11:21:25.087479,1275088896,416,1122,53794
cab64d20-682a-4bc2-b81b-41e227f8c1d4_v3.fasta,2021-11-30 11:21:25.338905,1275088896,417,773,44383
67c1adf4-9aa7-47a1-b9b1-a7d071444020_v3.fasta,2021-11-30 11:21:25.589160,1275088896,418,426,39360
f1bdb28e-88cb-42a1-9c8a-a3b223dc5505_v3.fasta,2021-11-30 11:21:25.845955,1275088896,419,1918,83920
e740bc7f-1b9d-4853-b02c-1f66e16750e4_v3.fasta,2021-11-30 11:21:26.102732,1278332928,420,789,34438
618324da-9cb0-4c58-8497-145b5f383d11_v3.fasta,2021-11-30 11:21:26.355224,1282658304,421,1138,28842
cf37634f-739c-4e2f-a160-beae33da1280_v3.fasta,2021-11-30 11:21:26.605455,1282658304,422,1676,37987
77fa9010-b26f-4f31-a47b-e38a2e93a2c9_v3.fasta,2021-11-30 11:21:26.856853,1282658304,423,1086,44912
011055fb-bd4a-4064-918b-05e08d5c9fb1_v3.fasta,2021-11-30 11:21:27.109242,1282658304,424,1145,29167
cc8a7984-abfa-4b0e-966d-8e8c1f9b6536_v3.fasta,2021-11-30 11:21:27.362726,1286983680,425,1129,61730
2fec36ce-8d66-4038-9b46-7a9fa7ab089b_v3.fasta,2021-11-30 11:21:27.615877,1295904768,426,595,44895
9ffc73da-b523-4bf1-b1d4-b7fddb1a5af7_v3.fasta,2021-11-30 11:21:27.867906,1300230144,427,1089,36082
8c3d5b6d-d703-4194-ab68-2d245c99823c_v3.fasta,2021-11-30 11:21:28.120512,1300230144,428,416,34210
c825462f-dff9-4d1f-9110-71e645a4d08a_v3.fasta,2021-11-30 11:21:28.370772,1300230144,429,687,39257
5ef74bb4-dfdf-460f-abec-d756f896edef_v3.fasta,2021-11-30 11:21:28.622485,1304285184,430,1746,45278
b70302dd-e43e-4f74-8e36-3c72d5078347_v3.fasta,2021-11-30 11:21:29.203949,1321209856,431,0,0
11a1ff82-ade0-4dd6-b24d-b42ffd6a5d7d_v3.fasta,2021-11-30 11:21:29.776071,1325182976,432,0,0
12372c82-0966-4708-b7d0-a81471522ace_v3.fasta,2021-11-30 11:21:30.352066,1325182976,433,0,0
235517e8-46d8-4c94-b3a7-022323790ce5_v3.fasta,2021-11-30 11:21:30.614393,1295376384,434,0,0
c1a180c4-4135-46a3-8f17-b4139b454f7c_v3.fasta,2021-11-30 11:21:30.866944,1304297472,435,438,40730
809b07f6-2eac-42e8-9eed-3d686c1d798c_v3.fasta,2021-11-30 11:21:31.120225,1304297472,436,1131,41464
f3dc8f9f-bd76-4fe1-b5ac-01e30a44b804_v3.fasta,2021-11-30 11:21:31.593578,1325182976,437,0,0
a1be2e27-9486-4f56-92c9-86987446f230_v3.fasta,2021-11-30 11:21:32.173587,1329598464,438,0,0
b64c7895-c033-4947-aaff-62f62e7fbba7_v3.fasta,2021-11-30 11:21:32.432257,1304383488,439,1075,109033
27a991f1-0e13-48d9-9152-682bc67d9173_v3.fasta,2021-11-30 11:21:33.012511,1334009856,440,0,0
ef47857a-721c-4977-9db5-d53ecad2c8e3_v3.fasta,2021-11-30 11:21:33.597522,1329377280,441,0,0
2f3df8a1-912f-49d5-b3e9-8df9017c173f_v3.fasta,2021-11-30 11:21:33.897086,1333698560,442,0,0
7ec2ffc3-b051-4e33-bd83-7cf8fe688483_v3.fasta,2021-11-30 11:21:34.151899,1333698560,443,1124,54703
59a211bd-7fc3-4f03-9de1-f24461c53244_v3.fasta,2021-11-30 11:21:34.402137,1333698560,444,1135,40444
901f41f7-638d-4e65-9183-7a07ce864f4f_v3.fasta,2021-11-30 11:21:34.651624,1333698560,445,469,31349
cab8596b-2e26-444c-8409-5bb2208dfdf7_v3.fasta,2021-11-30 11:21:34.905927,1333698560,446,1124,53051
540ef55d-6ca6-45e5-bffb-004176e25a98_v3.fasta,2021-11-30 11:21:35.159578,1333698560,447,569,37474
38a8b832-cf4f-4a7e-8700-fab259ef5419_v3.fasta,2021-11-30 11:21:35.410307,1333698560,448,433,43185
7fdc810f-e203-4c01-8de3-149dbd4471ad_v3.fasta,2021-11-30 11:21:35.660162,1333698560,449,1125,34554
2e807a14-4895-4fbb-b6bd-898281752b1a_v3.fasta,2021-11-30 11:21:35.913416,1333698560,450,1133,70328
6207b7f2-61a3-45ef-9cf9-af27a6c57fa9_v3.fasta,2021-11-30 11:21:36.167823,1333698560,451,1144,53026
373d22c7-ee07-4675-ac2f-d9967a30b461_v3.fasta,2021-11-30 11:21:36.418302,1334779904,452,269,36461
6fcde5c0-66a2-49e8-ae17-72b679b64f0a_v3.fasta,2021-11-30 11:21:36.669232,1334779904,453,772,44592
0dffec83-20cf-4022-a14a-2f7d4a7aa519_v3.fasta,2021-11-30 11:21:36.920113,1336942592,454,741,44090
e153afc2-9eb2-426d-b326-856042181d10_v3.fasta,2021-11-30 11:21:37.174386,1336942592,455,1125,47883
fe6d59b4-10c6-41c5-b858-3b006a20a4c2_v3.fasta,2021-11-30 11:21:37.424563,1341267968,456,1117,27600
ab67c4d8-c484-4727-bb2e-39bf14c2f69b_v3.fasta,2021-11-30 11:21:37.675711,1341267968,457,1143,47815
7cd88905-53b9-4224-8db9-f3c2183105a7_v3.fasta,2021-11-30 11:21:37.930145,1341267968,458,1120,36016
3fe6c9b4-6309-4102-8aa1-e8f8730ab5ea_v3.fasta,2021-11-30 11:21:38.185021,1345323008,459,660,46012
0555273b-5348-4c30-b612-aed018d374bc_v3.fasta,2021-11-30 11:21:38.437238,1345323008,460,635,66434
b4925e2a-3454-498d-ab51-1677e5198437_v3.fasta,2021-11-30 11:21:38.688400,1349918720,461,789,32358
89263f35-73ba-492d-b8a7-3989b7cd609c_v3.fasta,2021-11-30 11:21:38.938367,1352081408,462,20,24751
1bf648b7-56ba-40e8-897f-770a7f2907e9_v3.fasta,2021-11-30 11:21:39.191119,1352081408,463,437,33307
f1a2dfcd-05f5-4716-bef8-6db565c5597c_v3.fasta,2021-11-30 11:21:39.441495,1352081408,464,438,35102
234fa02f-f21e-4d53-9958-a5df58b08517_v3.fasta,2021-11-30 11:21:40.021522,1381666816,465,0,0
7054541e-ccf6-47a2-9ccb-b6dd21496d2d_v3.fasta,2021-11-30 11:21:40.276792,1381666816,466,1123,61896
a83d42ae-6af2-4eb5-bc85-4f7d1b516350_v3.fasta,2021-11-30 11:21:40.527010,1381666816,467,667,39554
28b21c92-cad7-4e06-9438-beacce92cdd5_v3.fasta,2021-11-30 11:21:40.776729,1381666816,468,20,27910
386f7150-f244-435e-bbc0-29bc5142b9a2_v3.fasta,2021-11-30 11:21:41.337495,1388175360,469,0,0
4d9a1a03-68a6-42fe-b567-b4d6baf94018_v3.fasta,2021-11-30 11:21:41.587627,1388175360,470,1139,40666
44cd4d5f-1d44-4c29-b891-48055966ae14_v3.fasta,2021-11-30 11:21:41.839408,1388175360,471,1750,48054
dd47c14f-1466-48b2-927b-f0154e21fa1b_v3.fasta,2021-11-30 11:21:42.093215,1388175360,472,684,49869
cfe247a6-b5c8-4c3f-9391-1307936a5d7e_v3.fasta,2021-11-30 11:21:42.555413,1394683904,473,0,0
d1a2113c-55ad-47da-b188-5bd76538f14b_v3.fasta,2021-11-30 11:21:42.811625,1394683904,474,2131,85443
7644febc-9939-431a-996b-f1f04e131309_v3.fasta,2021-11-30 11:21:43.063545,1394683904,475,1089,39669
5862d6bf-15d4-49c1-8aae-c0f080365045_v3.fasta,2021-11-30 11:21:43.314337,1394683904,476,653,32885
c0747c64-73b9-4451-8620-ff31091e9d97_v3.fasta,2021-11-30 11:21:43.564764,1394683904,477,1153,38995
9fb8977a-7908-4183-b72b-05e33518db0f_v3.fasta,2021-11-30 11:21:44.120421,1402855424,478,0,0
e7319b45-67b6-432c-b870-062c9ba8acf6_v3.fasta,2021-11-30 11:21:44.371542,1402855424,479,1738,36527
56574361-f3bc-4476-9ce6-bc61fde73a59_v3.fasta,2021-11-30 11:21:44.623708,1402855424,480,1131,56291
802beeb7-985e-4d8c-bb94-ac08113cd5d4_v3.fasta,2021-11-30 11:21:44.873610,1402855424,481,741,32346
4226d32e-2e87-4b44-842b-d522ef45f7a3_v3.fasta,2021-11-30 11:21:45.126800,1402855424,482,758,32593
a675eada-cd75-4139-a451-21be1ee25a61_v3.fasta,2021-11-30 11:21:45.377348,1402855424,483,20,25932
f91b2603-983d-41b7-9e98-f00650c4d5fe_v3.fasta,2021-11-30 11:21:45.628038,1402855424,484,430,46593
fc6c870d-eb9e-4ff8-9827-0c6aedc7babd_v3.fasta,2021-11-30 11:21:46.208139,1415872512,485,0,0
f6c07db4-e0c9-4829-86d3-86f7dd1eab17_v3.fasta,2021-11-30 11:21:46.662871,1416089600,486,0,0
45434eff-dd57-460e-85f6-42b39d87d253_v3.fasta,2021-11-30 11:21:46.919843,1390878720,487,673,48837
51a867b7-1ed5-42fc-bffa-1d231b485599_v3.fasta,2021-11-30 11:21:47.173700,1395204096,488,672,36237
1f793659-c4e4-4320-aed1-80c34688ac38_v3.fasta,2021-11-30 11:21:47.424917,1399529472,489,783,34591
00c1f87f-3573-4534-8650-58c31529a13b_v3.fasta,2021-11-30 11:21:47.676292,1403854848,490,424,43191
6e586364-2287-4e92-a742-d916840e57c9_v3.fasta,2021-11-30 11:21:47.950773,1412235264,491,0,0
05edc39b-7909-4f06-8fab-c57ec981b76e_v3.fasta,2021-11-30 11:21:48.206956,1412235264,492,772,44653
8cd22640-ab43-467e-bad4-1148cfbbb765_v3.fasta,2021-11-30 11:21:48.458814,1412235264,493,1129,51869
8d951df7-9e8e-4030-908a-ee5c85a2308d_v3.fasta,2021-11-30 11:21:48.710094,1412235264,494,1129,49063
4cefb73e-c24f-40f8-b1c1-3dca5e272b04_v3.fasta,2021-11-30 11:21:48.962669,1412235264,495,1103,53610
f69cddea-f9e7-4a2f-a212-d5dae116ba41_v3.fasta,2021-11-30 11:21:49.217119,1417101312,496,1105,37231
93bce2ee-8cca-429f-b6fc-1beaea1d6345_v3.fasta,2021-11-30 11:21:49.467118,1417101312,497,589,28410
8a816fae-2e27-4fe2-97f5-a8b01e854395_v3.fasta,2021-11-30 11:21:49.723462,1419264000,498,1912,99530
f5efa6e9-accc-4d59-b067-de7e9fdd9f1a_v3.fasta,2021-11-30 11:21:49.977275,1419264000,499,769,30360
0645727c-4cf0-437b-90f0-d6ae7ebd915d_v3.fasta,2021-11-30 11:21:50.231550,1423589376,500,21,28938
4d4be995-04c5-4949-8201-ad2a9fc00d02_v3.fasta,2021-11-30 11:21:50.485151,1423589376,501,1155,36352
f5f2f19c-6ce3-47a3-a3b8-f563be6e4a1e_v3.fasta,2021-11-30 11:21:50.735405,1423589376,502,698,34413
d60131c0-c486-44b7-a051-db6d5df5ecfa_v3.fasta,2021-11-30 11:21:50.986820,1427644416,503,416,35327
a1d3d3c0-dec5-4647-9a7e-3385deba7e0d_v3.fasta,2021-11-30 11:21:51.251879,1432240128,504,0,0
719d90a3-111c-44ea-b5d4-bab4d6b2332b_v3.fasta,2021-11-30 11:21:51.501933,1432240128,505,1688,34481
76e821c0-48d5-4a3d-8898-f840edbac165_v3.fasta,2021-11-30 11:21:51.754117,1434132480,506,761,48108
0bc8d51b-ad2c-4997-a06e-52590679d8b5_v3.fasta,2021-11-30 11:21:52.006350,1434132480,507,1101,41106
8cc8e4cc-533e-49a9-9e3b-19cf923c4b69_v3.fasta,2021-11-30 11:21:52.258706,1434132480,508,1113,37650
c25c7073-5d48-4536-8547-62021c026074_v3.fasta,2021-11-30 11:21:52.516026,1438728192,509,1116,106826
28761100-eac6-4834-b538-f2f38fed58e3_v3.fasta,2021-11-30 11:21:52.769353,1447378944,510,1143,42098
2f16dfb0-8f49-4de6-8027-e88d7561d9ca_v3.fasta,2021-11-30 11:21:53.024017,1447378944,511,1115,33972
8411a347-3bf9-4715-90d0-24c5b391458c_v3.fasta,2021-11-30 11:21:53.276588,1449271296,512,1127,30272
624ea73e-d9f8-49bc-beb8-02229942e434_v3.fasta,2021-11-30 11:21:53.530911,1449271296,513,1133,43149
6c717685-460d-4efa-88c4-bd1be6f470ed_v3.fasta,2021-11-30 11:21:53.782979,1449271296,514,667,54053
934c0def-8aad-41ec-83d1-1738e4857ae5_v3.fasta,2021-11-30 11:21:54.034947,1453596672,515,1133,40780
90da3b50-29b4-4f59-be67-77dc630fabcd_v3.fasta,2021-11-30 11:21:54.619043,1478864896,516,0,0
d5a4ebbe-9f79-42e3-aa37-6e61cc7ac060_v3.fasta,2021-11-30 11:21:54.869281,1478864896,517,21,27212
22bd351a-7464-4ae7-8e78-f85abcdc27fb_v3.fasta,2021-11-30 11:21:55.122390,1478864896,518,441,39060
ff642c9f-d032-4358-be28-19f2c3d1a28d_v3.fasta,2021-11-30 11:21:55.424090,1478864896,519,1675,40288
2a5cb22d-9820-4005-bcd9-7d34dee26cb1_v3.fasta,2021-11-30 11:21:56.002252,1485156352,520,0,0
a7bec0e1-2d71-4a6d-b0b0-a97459b03333_v3.fasta,2021-11-30 11:21:56.255843,1485156352,521,440,44813
c13aacc3-fb97-4d6c-82cf-65a620b32d42_v3.fasta,2021-11-30 11:21:56.506706,1485156352,522,1137,40884
66c4d33e-9391-417a-8c44-2aae8e330419_v3.fasta,2021-11-30 11:21:57.086360,1494196224,523,0,0
4b6fa888-30d2-4b58-8776-df9274f38ef4_v3.fasta,2021-11-30 11:21:57.338400,1494196224,524,764,38924
f053f2cc-3b9e-41e1-9a86-1413d0b97203_v3.fasta,2021-11-30 11:21:57.589722,1494196224,525,1125,39785
5b57eb82-fbd0-4491-bacc-da39235d1df8_v3.fasta,2021-11-30 11:21:57.840992,1494196224,526,1137,40878
7c272466-866e-4911-9782-052de0f0da23_v3.fasta,2021-11-30 11:21:58.095029,1494196224,527,1152,52222
dd06a9f4-45d2-4404-94c2-5043c2e0f809_v3.fasta,2021-11-30 11:21:58.350571,1494196224,528,1911,83227
0dcd0463-d0f4-41ce-bb5e-204f9b1c436b_v3.fasta,2021-11-30 11:21:58.600851,1494196224,529,1164,35963
db36a096-36db-457f-a861-70617ec7798f_v3.fasta,2021-11-30 11:21:58.861859,1494196224,530,1135,49360
b4549ed5-6972-48fc-a7ea-ede0c6c5cbd1_v3.fasta,2021-11-30 11:21:59.445391,1511624704,531,0,0
9b22fb8d-598a-4809-be66-3a882f05212c_v3.fasta,2021-11-30 11:21:59.698743,1486413824,532,1125,32137
764341fa-231f-4a54-9bfb-3a200dbffb0a_v3.fasta,2021-11-30 11:21:59.948822,1486413824,533,440,26995
efa403ef-99d0-4017-a5f8-b0ef11c583a1_v3.fasta,2021-11-30 11:22:00.204928,1490739200,534,1154,36626
fa071b96-9655-4643-b3a6-5e9de8822ac0_v3.fasta,2021-11-30 11:22:00.456180,1490739200,535,1130,48462
98b19ee4-24a2-441e-97a9-9ca3c4a30a3e_v3.fasta,2021-11-30 11:22:00.709032,1497227264,536,764,42257
3d00ef79-150a-498d-bd6a-f930db5b5ca5_v3.fasta,2021-11-30 11:22:00.962047,1501552640,537,1133,40801
8d2a5dd3-ca56-4b10-b161-a271d6f2f48c_v3.fasta,2021-11-30 11:22:01.214871,1501552640,538,1686,34022
26b84030-e09e-40f5-889c-aa21c8b5420e_v3.fasta,2021-11-30 11:22:01.465319,1503444992,539,761,32424
1ed520eb-8306-4d02-bf72-08186a00a8db_v3.fasta,2021-11-30 11:22:01.716945,1503444992,540,1106,34617
d9fce55d-bc4f-4464-b478-2aeebd287607_v3.fasta,2021-11-30 11:22:01.971382,1508040704,541,1698,43120
381e1aa4-fe7b-4258-b8e1-d6921a015122_v3.fasta,2021-11-30 11:22:02.224305,1508040704,542,239,23210
faed96bd-f173-41bf-8c79-036f9377926c_v3.fasta,2021-11-30 11:22:02.805306,1533030400,543,0,0
30becd66-4bfd-4472-8218-82f8e0bb014f_v3.fasta,2021-11-30 11:22:03.380179,1533030400,544,0,0
3d2fba22-fd68-4d12-bd9e-28c716ec374b_v3.fasta,2021-11-30 11:22:03.631243,1533030400,545,1132,48593
96558565-76a2-4677-a293-2693053134dd_v3.fasta,2021-11-30 11:22:03.881768,1533030400,546,758,38139
1b1fe328-056a-4254-9bf6-7b19216ed8c3_v3.fasta,2021-11-30 11:22:04.137012,1533030400,547,1084,53788
b8db8197-9247-46fb-917f-56b86f15e5f1_v3.fasta,2021-11-30 11:22:04.387073,1533030400,548,659,29948
242c29b1-988a-4570-99f4-5f40ad9621b1_v3.fasta,2021-11-30 11:22:04.637769,1533030400,549,668,45119
f6fb4d2c-c807-4d66-91ae-f7e73e992c27_v3.fasta,2021-11-30 11:22:04.890850,1533030400,550,1141,45481
132a905a-ae92-4805-a662-c3b88672befa_v3.fasta,2021-11-30 11:22:05.142957,1533030400,551,690,32561
0c93da22-63d4-4565-b6f6-47c8053dbd13_v3.fasta,2021-11-30 11:22:05.393313,1533030400,552,442,36179
56f0b3ff-e7a4-4805-ba10-5873156add48_v3.fasta,2021-11-30 11:22:05.646432,1533030400,553,777,29416
1d8f98c2-c40a-4664-ab0a-7c50fdefacee_v3.fasta,2021-11-30 11:22:05.899289,1533030400,554,1712,38132
f25db99a-5ea1-4f2a-b406-356912572ac1_v3.fasta,2021-11-30 11:22:06.154252,1533030400,555,765,54840
e9a3ce2c-7555-4290-b42a-2423715452c9_v3.fasta,2021-11-30 11:22:06.405961,1533030400,556,695,38292
d39828c1-bc1a-40f0-aecf-4ef2d72472a7_v3.fasta,2021-11-30 11:22:06.735300,1556750336,557,0,0
2eecf641-d0ff-4073-af94-b111d4de2e8b_v3.fasta,2021-11-30 11:22:06.988062,1556750336,558,1111,49550
e9a33288-8c40-4804-a7be-260177d45d93_v3.fasta,2021-11-30 11:22:07.240365,1556750336,559,759,37282
b62f46a1-e2a8-45c9-97f2-cd4207370b7a_v3.fasta,2021-11-30 11:22:07.491505,1556750336,560,1134,51305
8dc728e0-7099-4ba4-aff3-47e1d5369d40_v3.fasta,2021-11-30 11:22:07.741610,1556750336,561,22,28858
ddd2ad95-deb6-4b53-a8db-3baf1ff1bf90_v3.fasta,2021-11-30 11:22:07.996357,1556750336,562,1131,40086
a7eac4d4-7e03-48d9-a69b-61b982ce33a3_v3.fasta,2021-11-30 11:22:08.249263,1556750336,563,1110,46884
7181503f-49f2-4942-ac4c-90439cb8a0e2_v3.fasta,2021-11-30 11:22:08.500121,1556750336,564,628,38318
1d1b4500-9aa6-415b-beff-ba086b97537b_v3.fasta,2021-11-30 11:22:08.753731,1556750336,565,735,73373
92db9085-4b40-4db4-a4da-7330466f5f97_v3.fasta,2021-11-30 11:22:09.004299,1556750336,566,33,28266
9838a0ab-0b97-4044-a118-30e663b44e8a_v3.fasta,2021-11-30 11:22:09.256806,1556750336,567,669,49291
35d78d1f-bb8f-4f93-a997-f9b9b8bc1dbd_v3.fasta,2021-11-30 11:22:09.838060,1580904448,568,0,0
7092bfcf-2931-42ee-9e35-c901b6b0d5b2_v3.fasta,2021-11-30 11:22:10.092610,1580904448,569,1782,31758
7a9717c5-d020-48dd-a597-690bf5ef568e_v3.fasta,2021-11-30 11:22:10.352951,1580904448,570,603,53859
7ac0b4a9-d69d-4cc9-8f08-629d1f004d17_v3.fasta,2021-11-30 11:22:10.706379,1587417088,571,0,0
700f849d-ce2a-471a-b85c-55cb065779fa_v3.fasta,2021-11-30 11:22:11.296321,1582784512,572,0,0
ca922bad-6180-40cd-aa28-389565314d34_v3.fasta,2021-11-30 11:22:11.548742,1582784512,573,1142,47840
79b0d0e8-9a2d-4b85-826d-a1eca0883f03_v3.fasta,2021-11-30 11:22:11.802302,1582784512,574,1124,40586
6e954d17-bafe-4559-bd39-fadf1c0f9dd5_v3.fasta,2021-11-30 11:22:12.274017,1587195904,575,0,0
3263a9eb-4ca6-4292-a6d1-24764f1b1230_v3.fasta,2021-11-30 11:22:12.529814,1587195904,576,1693,40198
a2a481ae-304e-4eeb-b795-bc743ceffb96_v3.fasta,2021-11-30 11:22:12.779990,1587195904,577,437,29902
ce680c1e-b554-4bb4-80e5-2144e8a8fd61_v3.fasta,2021-11-30 11:22:13.032633,1587195904,578,1125,50270
4207f3b3-4d56-439c-98df-46c0de70c332_v3.fasta,2021-11-30 11:22:13.285015,1587195904,579,1143,41828
d0303a86-f23c-4f5f-aace-bd3cd122dbb2_v3.fasta,2021-11-30 11:22:13.863019,1595805696,580,0,0
87d6f6de-732a-43d1-90af-bd724dffffd7_v3.fasta,2021-11-30 11:22:14.117244,1595805696,581,667,35460
19dd10df-f391-4da2-b952-14216de85b18_v3.fasta,2021-11-30 11:22:14.367953,1595805696,582,607,37567
2e739373-92f6-439b-a9d6-06145d52361c_v3.fasta,2021-11-30 11:22:14.624676,1595805696,583,1701,29642
45cae357-e9c4-49c3-a9b7-9b197f3cb7ad_v3.fasta,2021-11-30 11:22:14.879679,1595805696,584,1142,35296
cb3d1f1b-5d6c-4bf4-8932-6e83491bd98c_v3.fasta,2021-11-30 11:22:15.350747,1606942720,585,0,0
2661c5df-c73d-4a93-8070-721ea9aa47af_v3.fasta,2021-11-30 11:22:15.935687,1602531328,586,0,0
6c49217c-2633-485a-8c68-fb3228021683_v3.fasta,2021-11-30 11:22:16.188568,1602531328,587,1123,29968
4341fdf4-3b12-4c33-93e9-7a8558de92a0_v3.fasta,2021-11-30 11:22:16.439802,1602531328,588,428,49302
72b7324a-000e-45d6-8765-b5e24a571dd2_v3.fasta,2021-11-30 11:22:16.689258,1602531328,589,1135,28306
23d9a4d7-b305-4ba6-ae61-c57b639a5353_v3.fasta,2021-11-30 11:22:16.940984,1602531328,590,1142,35982
98fba889-ef0c-4296-8b52-38039ca6d215_v3.fasta,2021-11-30 11:22:17.522925,1613451264,591,0,0
2dcc12e0-01c2-4888-9613-09b904a22914_v3.fasta,2021-11-30 11:22:17.774071,1613451264,592,21,29322
d4514876-201f-4d31-9c77-487eac44cca4_v3.fasta,2021-11-30 11:22:18.024939,1613451264,593,748,36668
aeb070e3-457f-4ba1-8b2b-f079b1889443_v3.fasta,2021-11-30 11:22:18.600497,1619959808,594,0,0
5524d6c7-8ccf-4f0f-a9c4-3ce22fa8ac2b_v3.fasta,2021-11-30 11:22:18.852308,1619959808,595,1122,46323
86f17875-707a-4b63-a7a2-35d7fdb1c44c_v3.fasta,2021-11-30 11:22:19.104559,1619959808,596,778,32879
bdbe3155-ef08-4540-8844-a13922feb043_v3.fasta,2021-11-30 11:22:19.354338,1619959808,597,772,29431
a09f8057-4af9-42a7-a34d-bd145c8ffa59_v3.fasta,2021-11-30 11:22:19.802950,1628782592,598,0,0
1959356a-6b8b-4d99-a817-9d13c49cff33_v3.fasta,2021-11-30 11:22:20.385234,1628782592,599,0,0
81e93e89-1281-41a6-a1d2-9676b1b532cb_v3.fasta,2021-11-30 11:22:20.958818,1628782592,600,0,0
bc450123-f0ab-439d-bea8-b8ba765b1a7a_v3.fasta,2021-11-30 11:22:21.519255,1628782592,601,0,0
76b59d80-2e9d-4aef-93cb-6a5b15044491_v3.fasta,2021-11-30 11:22:21.772106,1628782592,602,1108,54865
993d0d5e-a7ad-44f2-9ab7-eb595ab2cbaf_v3.fasta,2021-11-30 11:22:22.024130,1628782592,603,1720,43704
423786a4-3acd-4031-bc7e-75a979c596c7_v3.fasta,2021-11-30 11:22:22.275762,1628782592,604,1129,35821
e4143f4e-a5c1-4904-9188-d19b5ddaa1bb_v3.fasta,2021-11-30 11:22:22.526913,1628782592,605,685,38033
454adb7c-cf90-407d-aba6-11e63e5021e6_v3.fasta,2021-11-30 11:22:22.777741,1628782592,606,755,39740
01e4354e-730d-423c-920a-6b102949b044_v3.fasta,2021-11-30 11:22:23.360512,1639702528,607,0,0
9fcdbb37-7e28-4077-b264-da334c8acafa_v3.fasta,2021-11-30 11:22:23.614234,1612177408,608,430,38673
76751a3a-b1f2-42ca-ae79-3283edaedd16_v3.fasta,2021-11-30 11:22:23.870790,1612177408,609,742,87419
97219f67-6621-4b0d-9702-ee04e2ef26d8_v3.fasta,2021-11-30 11:22:24.124099,1616502784,610,706,36333
0b6aef69-84f3-4779-a244-e91e51ae38b4_v3.fasta,2021-11-30 11:22:24.374485,1620828160,611,1115,26676
c91cf903-3de6-4541-bb6b-b4db9eaba282_v3.fasta,2021-11-30 11:22:24.626999,1629749248,612,686,40939
f5194f3f-d506-45b1-a01b-1fee1d04fe95_v3.fasta,2021-11-30 11:22:24.877348,1629749248,613,1140,43478
b0e63b9d-dc87-4b13-b4e4-4f4a332a09d9_v3.fasta,2021-11-30 11:22:25.132586,1631641600,614,677,50078
220aaf51-c791-4944-8bcc-ed41a0fa7a99_v3.fasta,2021-11-30 11:22:25.692898,1656913920,615,0,0
e26ddd42-34b0-4f2d-9615-e83b2bb93e2d_v3.fasta,2021-11-30 11:22:25.949457,1631703040,616,723,51110
41da65ea-4bca-4970-b1fe-c9c05d1373f1_v3.fasta,2021-11-30 11:22:26.512212,1656913920,617,0,0
e680827c-b1b3-4e87-8267-e197023287af_v3.fasta,2021-11-30 11:22:26.764876,1656913920,618,765,30229
f96f706e-13ff-40a2-9861-1fd0ebb9b2a9_v3.fasta,2021-11-30 11:22:27.015178,1656913920,619,433,31312
640f311f-5e76-4212-9083-0c21048c2af8_v3.fasta,2021-11-30 11:22:27.266457,1656913920,620,607,31030
ec7083e2-24e5-40f4-adf9-164dbe51a4f1_v3.fasta,2021-11-30 11:22:27.516760,1656913920,621,743,45282
9a1a21ec-90a0-4f1a-a6a9-2be6263a7d0f_v3.fasta,2021-11-30 11:22:27.769354,1656913920,622,750,58211
70951da7-962d-4932-8ecf-dc98dc0ccc10_v3.fasta,2021-11-30 11:22:28.020633,1656913920,623,1672,40441
a3d2500c-3b6e-4448-8a5a-4f2b6bbf408e_v3.fasta,2021-11-30 11:22:28.287953,1656913920,624,0,0
3f520610-db0f-4857-a8d6-0d47184c1507_v3.fasta,2021-11-30 11:22:28.537565,1656913920,625,440,31929
bab60fc4-9caa-4f71-8d00-34cd190daf15_v3.fasta,2021-11-30 11:22:29.012155,1672245248,626,0,0
3616f997-2cfe-46ea-bfc0-42e6cd8b916e_v3.fasta,2021-11-30 11:22:29.266064,1672245248,627,1114,56239
e4489c12-b3b0-4351-b674-fa7113be7bc6_v3.fasta,2021-11-30 11:22:29.516814,1672245248,628,1120,40622
9b74c25a-a5d5-49c2-b321-dd984e8cd92f_v3.fasta,2021-11-30 11:22:29.768441,1672245248,629,800,29800
d97b9eec-69ee-4a39-b667-0fc4718943fd_v3.fasta,2021-11-30 11:22:30.019905,1672245248,630,1109,30796
7c8714ad-7f5c-496c-b5e3-5600f4d2ee12_v3.fasta,2021-11-30 11:22:30.272611,1672245248,631,1127,50853
9d08ec55-abda-4ba6-99a5-c78c9f288e92_v3.fasta,2021-11-30 11:22:30.530547,1672245248,632,16,86969
d711668e-7410-43ed-bc10-0bbd65411f55_v3.fasta,2021-11-30 11:22:30.781946,1672245248,633,1132,52368
8325ce8e-a038-4609-8411-6a442c53e14a_v3.fasta,2021-11-30 11:22:31.033314,1672245248,634,434,35869
ee366f1f-2dd7-42be-9c99-89b62170b75d_v3.fasta,2021-11-30 11:22:31.571370,1696182272,635,0,0
48e6ad68-f0ef-45a8-a903-f2b0a0f2ab9b_v3.fasta,2021-11-30 11:22:31.874617,1696182272,636,1126,35499
7ec81167-9059-4b69-85a2-7c3fc3a9c6a8_v3.fasta,2021-11-30 11:22:32.451360,1696182272,637,0,0
d2e08637-4ca0-4c0d-8b1d-03c6e17bd94c_v3.fasta,2021-11-30 11:22:32.700610,1696182272,638,1118,26574
253bb0c3-2c61-44e1-ac98-ff3a51ad910e_v3.fasta,2021-11-30 11:22:32.952143,1696182272,639,1122,41692
094a10f8-b7f7-46e9-978e-5674c81933c2_v3.fasta,2021-11-30 11:22:33.206153,1696182272,640,670,52473
f195dd44-8b8d-4545-96d9-27c43f37bb9d_v3.fasta,2021-11-30 11:22:33.461826,1696182272,641,726,96242
2ad09fee-8e3a-4575-8de3-e36163bf0cd3_v3.fasta,2021-11-30 11:22:33.713332,1696182272,642,673,44568
aa0e7908-0063-4df1-8b42-d14449c28735_v3.fasta,2021-11-30 11:22:33.964495,1696182272,643,784,42109
811a6e81-7dfb-43da-bac5-87d5dab38233_v3.fasta,2021-11-30 11:22:34.217237,1696182272,644,762,36180
d45687c2-8bfa-40da-bf7d-72b057d45ae1_v3.fasta,2021-11-30 11:22:34.469632,1696182272,645,1145,43825
c5c97f02-37b9-4709-a6e1-e73531dad78a_v3.fasta,2021-11-30 11:22:34.734914,1698340864,646,0,0
cfb61c88-8081-4635-9352-2e34335feaa0_v3.fasta,2021-11-30 11:22:34.988700,1698340864,647,1125,46006
0ea613cc-3687-4c39-996f-34f5f0b5cf61_v3.fasta,2021-11-30 11:22:35.241668,1698340864,648,658,37943
db5e1078-5eda-477e-9df7-7ec06717b5fa_v3.fasta,2021-11-30 11:22:35.492620,1698340864,649,641,48151
cdbdd0f2-5f96-42ef-9792-26585740146a_v3.fasta,2021-11-30 11:22:35.743010,1698340864,650,1113,33031
1a46307a-43d7-4eac-ab5a-5984b9c0a1c0_v3.fasta,2021-11-30 11:22:35.994113,1698611200,651,607,45275
ca2ec5e6-3906-4b0c-877f-edcdacb2902c_v3.fasta,2021-11-30 11:22:36.246308,1698611200,652,327,26485
b1baa819-9b51-4f50-ba89-84b2f2b99ca4_v3.fasta,2021-11-30 11:22:36.497364,1698611200,653,1126,40309
50e63bbb-0efd-48ab-aad6-9317c07048e8_v3.fasta,2021-11-30 11:22:36.748618,1702666240,654,1140,35543
82502be4-b509-4754-96af-732ada434c69_v3.fasta,2021-11-30 11:22:37.270799,1728077824,655,0,0
cf17c74c-7bcd-4e65-9299-0c30a7520368_v3.fasta,2021-11-30 11:22:37.522808,1728077824,656,433,37616
969d8dec-b0e8-4790-a234-8dbfd4506620_v3.fasta,2021-11-30 11:22:37.775876,1728077824,657,1117,50567
a416eade-ceb6-4890-a777-41c0535f2e1a_v3.fasta,2021-11-30 11:22:38.031771,1728077824,658,417,34749
6f590da1-1ad8-4ea3-929c-875246061c69_v3.fasta,2021-11-30 11:22:38.285192,1728077824,659,667,59252
5f3a8300-c5d7-4613-b7b7-47249e4f7ecf_v3.fasta,2021-11-30 11:22:38.536143,1728077824,660,1118,45920
18b6989a-f48f-4277-be4b-38cf7f06ef4c_v3.fasta,2021-11-30 11:22:38.794231,1728077824,661,1914,84030
8f85ed22-c88d-4517-be5c-c285941e80b4_v3.fasta,2021-11-30 11:22:39.046389,1728077824,662,658,33330
72093def-a7af-4ab1-82de-56e718894bd8_v3.fasta,2021-11-30 11:22:39.298245,1728077824,663,1146,40167
cbb2747c-fb24-449d-abbf-67011a78d4a3_v3.fasta,2021-11-30 11:22:39.547970,1729155072,664,768,26449
d4cfc9e0-fccd-47c5-956f-59cde691127b_v3.fasta,2021-11-30 11:22:39.800750,1733480448,665,1159,43554
fd3a8cc1-dd12-44f8-9684-be8250e5037e_v3.fasta,2021-11-30 11:22:40.053837,1733480448,666,759,43867
237d6943-9c6a-45e0-bb9e-3d2fd7dad77c_v3.fasta,2021-11-30 11:22:40.307026,1735372800,667,605,50172
e45efce7-8d7e-480c-b679-5c0d720193b9_v3.fasta,2021-11-30 11:22:40.889920,1760620544,668,0,0
7ad89ca8-38ea-40cf-ba5b-622e85d6c307_v3.fasta,2021-11-30 11:22:41.152719,1730813952,669,752,92407
49f20fab-e9e9-4924-b0b4-e300bf719f00_v3.fasta,2021-11-30 11:22:41.404530,1735139328,670,1139,44873
c94e7582-ea92-4a1a-af47-3577f29a7b06_v3.fasta,2021-11-30 11:22:41.986647,1764814848,671,0,0
56b46e36-433c-4bfb-9fab-de3cc5ffc10d_v3.fasta,2021-11-30 11:22:42.239756,1764814848,672,1710,38067
2acdde06-2196-4696-994d-d7c84d2cbcc6_v3.fasta,2021-11-30 11:22:42.491450,1764814848,673,1131,51114
36cb5330-7ec3-401f-a47e-a96f89a5a98a_v3.fasta,2021-11-30 11:22:42.744441,1764814848,674,674,55531
32f3f9a1-3920-4ca0-adda-5486df4b1d13_v3.fasta,2021-11-30 11:22:42.996308,1764814848,675,748,46422
bd8b1433-bd58-4bc5-90ce-13e5185b3825_v3.fasta,2021-11-30 11:22:43.250474,1764814848,676,1141,47549
0efc415b-f410-4ecf-827a-cbfee90384f9_v3.fasta,2021-11-30 11:22:43.501567,1764814848,677,1087,42762
2087c076-a021-4c01-bad0-58d7d7b78a54_v3.fasta,2021-11-30 11:22:43.752871,1764814848,678,1131,43286
664d6b0a-bd80-4170-bdbf-329ba64f5cdf_v3.fasta,2021-11-30 11:22:44.009309,1764814848,679,747,61324
a535e373-f3a8-4d89-bff0-4a009b3d1d46_v3.fasta,2021-11-30 11:22:44.262974,1764814848,680,1136,52903
6d2ef69a-d573-436e-8674-25585266132c_v3.fasta,2021-11-30 11:22:44.516804,1764814848,681,1075,71651
9b075163-4185-45b4-8ddc-204aae982af2_v3.fasta,2021-11-30 11:22:44.768075,1764814848,682,1122,38709
de2ab491-8906-461c-885a-c39ec13923a0_v3.fasta,2021-11-30 11:22:45.020465,1764814848,683,403,36916
154001c1-9929-4318-ad14-c8f47f01990f_v3.fasta,2021-11-30 11:22:45.273627,1767784448,684,1126,42266
09a4c206-8529-4bf8-bf71-a6e5637b4ff9_v3.fasta,2021-11-30 11:22:45.524169,1767784448,685,756,41336
ebbdc186-5e64-42f9-bd0b-0950a40f6c60_v3.fasta,2021-11-30 11:22:45.784400,1772109824,686,756,116029
a9f7a87c-2173-46fc-85f8-05f73dd16ee9_v3.fasta,2021-11-30 11:22:46.035875,1776435200,687,765,28961
179f6127-8d6c-49a4-a94b-f6513c2eaf73_v3.fasta,2021-11-30 11:22:46.619183,1801768960,688,0,0
e3c31377-b5ea-4b4b-90df-003fb2d953ad_v3.fasta,2021-11-30 11:22:46.870995,1801768960,689,20,27003
9b51c21e-0fe9-4783-b0da-0a306647dc14_v3.fasta,2021-11-30 11:22:47.128925,1801768960,690,1123,49973
cb9b93b6-5dbc-428e-941d-bfe08ea628d1_v3.fasta,2021-11-30 11:22:47.379781,1801768960,691,668,47101
e2a753dd-5aca-41e0-a000-521f79d45f86_v3.fasta,2021-11-30 11:22:47.963673,1805746176,692,0,0
6b8ed942-8dde-46d3-aef0-966fed9afd2e_v3.fasta,2021-11-30 11:22:48.216789,1805746176,693,754,27808
6947139e-04c7-4589-a15d-da10b74e1ba9_v3.fasta,2021-11-30 11:22:48.467294,1805746176,694,1085,47121
a06eda70-77bb-48f6-ae10-251cdc623bf0_v3.fasta,2021-11-30 11:22:48.718207,1805746176,695,1127,42152
ee2503c3-52aa-4b64-a5ba-eff58036a05a_v3.fasta,2021-11-30 11:22:48.972849,1805746176,696,1957,84008
918d10f7-5c0b-4bb6-8278-abfbb36b4e46_v3.fasta,2021-11-30 11:22:49.226099,1805746176,697,1126,37116
93f0d590-678c-4f3f-b1c6-d70fd9da3c77_v3.fasta,2021-11-30 11:22:49.477119,1805746176,698,1133,39941
95e249b8-5b0b-42c3-9626-c04ab807db5d_v3.fasta,2021-11-30 11:22:49.726953,1805746176,699,823,27915
1c90fdd3-e652-43f5-b72e-53252937e43a_v3.fasta,2021-11-30 11:22:49.990197,1805746176,700,1640,127535
f05b66c8-365c-4bd7-81b5-c1bb4b2788c7_v3.fasta,2021-11-30 11:22:50.244946,1806823424,701,1134,45789
07c82df5-ffae-4799-8ea1-3c54fcfabeb0_v3.fasta,2021-11-30 11:22:50.497212,1806823424,702,767,53850
857d5376-22bb-4dd8-81cf-238ed9dc455b_v3.fasta,2021-11-30 11:22:50.747876,1806823424,703,797,35271
da30a2b9-9a28-4914-ac5b-e066b9c5680a_v3.fasta,2021-11-30 11:22:51.005192,1811148800,704,1128,40263
3f61efa6-1d7f-40fa-b52f-b7156e6000ab_v3.fasta,2021-11-30 11:22:51.587284,1840820224,705,0,0
a82fd235-13f0-47ac-a23a-ed3abfa051c2_v3.fasta,2021-11-30 11:22:51.843059,1815609344,706,1127,28691
679ba7ff-7349-4f02-b18e-127aa26f6fb4_v3.fasta,2021-11-30 11:22:52.096348,1815609344,707,639,30723
e4214fee-d446-43d3-ba53-b64d60c46c5a_v3.fasta,2021-11-30 11:22:52.424053,1840603136,708,0,0
56d46d96-a2b1-4ad4-b3f8-f9b3b6b0ab04_v3.fasta,2021-11-30 11:22:52.674033,1840603136,709,778,28107
bc40d11c-15f4-43f9-a2e2-1473850ffb69_v3.fasta,2021-11-30 11:22:53.213287,1845235712,710,0,0
1d351c1a-671e-4ae1-aa96-f86111d84678_v3.fasta,2021-11-30 11:22:53.774415,1842700288,711,0,0
7a759712-cb74-4ca5-8feb-0bfcf32c0494_v3.fasta,2021-11-30 11:22:54.027227,1842700288,712,752,50200
c8077914-17bc-4bbc-862b-cf8ec3ee8cbe_v3.fasta,2021-11-30 11:22:54.278284,1842700288,713,673,30991
30d442ec-7573-4fc1-8a7b-8f564876e275_v3.fasta,2021-11-30 11:22:54.532045,1842700288,714,751,74410
c58b2b0a-9ecf-4aa8-b680-292e9b2c4033_v3.fasta,2021-11-30 11:22:54.783021,1842700288,715,760,37865
6962ed81-b18c-486c-820a-5ab2453029a6_v3.fasta,2021-11-30 11:22:55.035262,1842700288,716,1127,32406
e66567b7-ad39-4f83-b812-5661b5f90b14_v3.fasta,2021-11-30 11:22:55.286456,1842700288,717,20,26372
577f1ab0-30ea-4044-bc4c-c9f5d503de30_v3.fasta,2021-11-30 11:22:55.537721,1842700288,718,442,37680
1c21bdbb-3663-4cbd-8cd9-947c7f246723_v3.fasta,2021-11-30 11:22:55.788391,1842700288,719,1147,35628
53fc66f1-f088-45ee-b073-40484665057f_v3.fasta,2021-11-30 11:22:56.048873,1843777536,720,455,42116
632a6897-6d3c-42a3-9c9a-b592f19d5ecf_v3.fasta,2021-11-30 11:22:56.300018,1843777536,721,19,30946
269bb61f-a0ca-42b5-b777-171a506b19bb_v3.fasta,2021-11-30 11:22:56.550499,1845940224,722,768,28452
0cdd3b1b-7cc8-4aa3-9646-4e5702efe1a1_v3.fasta,2021-11-30 11:22:57.136062,1871269888,723,0,0
4d9b8a09-59b2-425a-b838-f0762f63ea44_v3.fasta,2021-11-30 11:22:57.388064,1841463296,724,787,32201
6d8a2b7f-8d5d-4771-8d6b-cb58e1a8f3cd_v3.fasta,2021-11-30 11:22:57.971613,1871269888,725,0,0
5e86452a-6331-4954-b324-fbd0ae1f73bc_v3.fasta,2021-11-30 11:22:58.227613,1843744768,726,1147,36317
1cb3331c-19c4-4b40-bec8-60edc57526fd_v3.fasta,2021-11-30 11:22:58.479134,1848070144,727,1131,40729
887d948f-c2c1-47d7-a1e7-492b9324a260_v3.fasta,2021-11-30 11:22:58.958062,1877778432,728,0,0
099e7c4a-9ed0-4446-bc48-3ea4f0b612ce_v3.fasta,2021-11-30 11:22:59.218359,1850253312,729,413,41778
4b4c622d-a469-4d35-90f8-d42a6b774d60_v3.fasta,2021-11-30 11:22:59.473947,1850253312,730,1125,45660
a035ffb7-56e4-4554-80a6-c0a882f5d7b3_v3.fasta,2021-11-30 11:22:59.731512,1854578688,731,2112,103058
31b625e2-f5fd-47f0-9040-1451db66249d_v3.fasta,2021-11-30 11:22:59.983764,1863499776,732,765,36727
a73e3833-3365-4e74-b7cb-affb0d45fe87_v3.fasta,2021-11-30 11:23:00.237934,1863499776,733,685,43274
51a6d99e-1257-44ca-b6bf-641539adcf51_v3.fasta,2021-11-30 11:23:00.818199,1888698368,734,0,0
07c90ee9-a404-4639-953c-735fa43adc4a_v3.fasta,2021-11-30 11:23:01.070194,1888698368,735,34,26880
d150483e-1656-4a4d-a0d7-78bdd9cb3bf7_v3.fasta,2021-11-30 11:23:01.657846,1888481280,736,0,0
b1c285c7-8f25-4dc3-80b6-e8d6d657e564_v3.fasta,2021-11-30 11:23:01.911231,1888481280,737,785,36165
3d4f1db1-27e4-418d-8348-49c5d9300fa8_v3.fasta,2021-11-30 11:23:02.168092,1888481280,738,1147,50154
f7de723c-5d58-401b-a833-c5cd1a369bb4_v3.fasta,2021-11-30 11:23:02.748280,1897521152,739,0,0
3a6e99ba-3418-4c37-ab5f-873de59fe026_v3.fasta,2021-11-30 11:23:02.999668,1897521152,740,765,37560
99db5049-2302-438e-a883-8a774529082b_v3.fasta,2021-11-30 11:23:03.252401,1897521152,741,1133,27797
616de2e6-fd0d-42e7-98f6-746bc161917e_v3.fasta,2021-11-30 11:23:03.502975,1897521152,742,447,40850
bc3500f7-3d65-4800-a3a7-e44e4e1b40b5_v3.fasta,2021-11-30 11:23:03.784207,1897521152,743,0,0
aa393b2e-791a-4b53-8229-f3303b2383c8_v3.fasta,2021-11-30 11:23:04.035282,1897521152,744,422,33663
be4a772e-2995-47a7-b209-4382566f0b16_v3.fasta,2021-11-30 11:23:04.286762,1897521152,745,638,30148
878a752b-c6cb-4cc5-9e4f-1add7114ef08_v3.fasta,2021-11-30 11:23:04.537217,1897521152,746,1685,37961
edfd1111-d250-47af-865e-0758985b9cf2_v3.fasta,2021-11-30 11:23:04.790927,1897521152,747,608,43690
e85bf09a-5f81-4b5e-aa71-f60ee023c0b5_v3.fasta,2021-11-30 11:23:05.102973,1897521152,748,1151,29247
8a568e01-28d7-4fa8-b690-a7bb2eb27d49_v3.fasta,2021-11-30 11:23:05.354204,1897521152,749,19,31526
aa2e39bc-047b-41be-ae03-30539b3f2302_v3.fasta,2021-11-30 11:23:05.604623,1897521152,750,1114,41280
4469404d-510b-4bec-9258-aad09765512c_v3.fasta,2021-11-30 11:23:06.141043,1914732544,751,0,0
0c19cda0-0a43-4495-b2d8-59281ccd2410_v3.fasta,2021-11-30 11:23:06.393446,1914732544,752,1135,40447
791ec242-1d46-4632-b334-f99dcb8efd34_v3.fasta,2021-11-30 11:23:06.968347,1916829696,753,0,0
383f1cd9-f3c4-4a15-a5b3-83c5bdefd1ca_v3.fasta,2021-11-30 11:23:07.221134,1916829696,754,440,25846
6eefa50c-f801-42a8-847e-264796f61835_v3.fasta,2021-11-30 11:23:07.470336,1916829696,755,1116,32423
3e0bd005-66cd-47f0-a7e9-e452a6751295_v3.fasta,2021-11-30 11:23:07.720958,1916829696,756,677,28390
dedce898-3867-47f7-bace-173ee52f1d22_v3.fasta,2021-11-30 11:23:07.974686,1916829696,757,1683,30223
25b85ccc-0a93-49d5-b543-3008b906340e_v3.fasta,2021-11-30 11:23:08.228921,1916829696,758,39,25699
81b12793-fba9-4ab6-83f0-93850e9f8b2b_v3.fasta,2021-11-30 11:23:08.481529,1916829696,759,1117,54822
60844b44-0c3e-4599-a496-2d677a5dafb9_v3.fasta,2021-11-30 11:23:08.732715,1916829696,760,1144,40677
07dc4b8e-51cf-4bb9-803c-253326b9ba09_v3.fasta,2021-11-30 11:23:09.314405,1934258176,761,0,0
0a2964ce-fa29-491b-ba6c-4a30e33600c1_v3.fasta,2021-11-30 11:23:09.564158,1934258176,762,661,34068
a56eaea9-c2ce-4452-87e9-790774cccc82_v3.fasta,2021-11-30 11:23:09.835481,1917157376,763,0,0
0a735c56-e4d9-4340-ad77-c6d19e71a560_v3.fasta,2021-11-30 11:23:10.087085,1917157376,764,19,28147
d314af8f-b14e-49c4-b3fb-f430f5cf9f0d_v3.fasta,2021-11-30 11:23:10.350179,1917698048,765,667,117914
ecfc55da-ef0a-4b30-a726-f689ae1fa62e_v3.fasta,2021-11-30 11:23:10.933598,1943080960,766,0,0
db56888a-91ed-4bf6-b13e-73b5cc82eac8_v3.fasta,2021-11-30 11:23:11.367796,1943080960,767,0,0
9bee8693-b7d9-4f4e-b665-d700336ee3eb_v3.fasta,2021-11-30 11:23:11.618480,1943080960,768,767,41430
902ade1c-0382-447c-9d24-b5059f186766_v3.fasta,2021-11-30 11:23:11.869013,1943080960,769,1116,31025
08a9bfaf-29ee-4165-951d-34621c8c700c_v3.fasta,2021-11-30 11:23:12.158791,1949564928,770,0,0
5adbb319-7784-4ec4-b7ae-d244b3ba5839_v3.fasta,2021-11-30 11:23:12.412854,1922064384,771,1125,43029
8074175c-0277-4530-8d52-3b321929fb55_v3.fasta,2021-11-30 11:23:12.662435,1922064384,772,672,36815
966fd105-93bb-4e08-8390-bfe82f2720ac_v3.fasta,2021-11-30 11:23:12.919215,1930715136,773,1163,40534
68fb433b-6a47-4981-89c9-638915383c29_v3.fasta,2021-11-30 11:23:13.175107,1935310848,774,788,27569
9b7483e9-e39c-4bef-8f5a-1d94056c7498_v3.fasta,2021-11-30 11:23:13.428108,1935310848,775,774,54296
f09c0bfe-5e6d-43cb-88ec-ab4ef3eb3350_v3.fasta,2021-11-30 11:23:13.680632,1937203200,776,760,34817
fcd118b5-6af9-494d-b227-b43c38a82d0a_v3.fasta,2021-11-30 11:23:13.937072,1937203200,777,609,43530
3b06b5aa-4281-4084-875d-1aca737ed3f7_v3.fasta,2021-11-30 11:23:14.194458,1941798912,778,749,27145
89965f3f-5189-43d4-8e83-048de46b7df2_v3.fasta,2021-11-30 11:23:14.448019,1941798912,779,1138,50296
46f69f5d-a969-4762-ba2e-3d611880443d_v3.fasta,2021-11-30 11:23:14.700278,1941798912,780,1112,44224
91c413f4-0170-4067-961f-fb9e86bf28ca_v3.fasta,2021-11-30 11:23:14.957094,1945853952,781,1129,48187
50d7a6d1-8687-45de-a085-89dd6f1a5a12_v3.fasta,2021-11-30 11:23:15.210486,1945853952,782,429,27103
a1151d3c-4c0a-4ed1-b57b-834069e3a408_v3.fasta,2021-11-30 11:23:15.463186,1950449664,783,426,34842
ff22e444-21eb-4170-8fd5-48ddac868d1a_v3.fasta,2021-11-30 11:23:16.047137,1973313536,784,0,0
876ca406-bae4-4baf-86be-416d169a8a7d_v3.fasta,2021-11-30 11:23:16.300948,1973313536,785,683,64157
19bc5af9-04fd-46b8-bccb-5f4f8aa03d76_v3.fasta,2021-11-30 11:23:16.875697,1977724928,786,0,0
41a5e425-0d6c-4e80-a462-273fe68368d7_v3.fasta,2021-11-30 11:23:17.133708,1977724928,787,610,43377
99c4a3b8-6504-48c9-8133-2faaccc7d1f9_v3.fasta,2021-11-30 11:23:17.387753,1952514048,788,772,37927
aff24194-01e5-4afc-8f75-0bb955ac4450_v3.fasta,2021-11-30 11:23:17.645496,1959002112,789,777,35278
7cd37ac5-8816-4098-bfc9-2b4631250b0f_v3.fasta,2021-11-30 11:23:17.900384,1959002112,790,1142,36530
adda9ed9-8f85-4306-90fb-7b2d02981d30_v3.fasta,2021-11-30 11:23:18.152222,1959002112,791,483,29056
ba1e50c5-0766-4e11-bb94-8639b4fc1bef_v3.fasta,2021-11-30 11:23:18.403869,1963327488,792,755,39310
f1a8c764-44a2-4f7e-9f12-c0c8a3164033_v3.fasta,2021-11-30 11:23:18.653662,1963327488,793,1134,41117
97a7acdc-6526-4c11-8576-d42e25558b47_v3.fasta,2021-11-30 11:23:18.907504,1967652864,794,1131,53456
4c92bc81-aec8-4662-a273-d7d9b359f2dc_v3.fasta,2021-11-30 11:23:19.164245,1972248576,795,767,38609
2cdc6180-95b8-47b0-8047-5e1e4dd613d0_v3.fasta,2021-11-30 11:23:19.414829,1972248576,796,697,42716
45dcfa02-0f5d-44bf-9561-4f7dc68a4b96_v3.fasta,2021-11-30 11:23:19.665889,1972248576,797,614,42183
b0ca25a2-882e-4108-906d-5aa16a2f7ffd_v3.fasta,2021-11-30 11:23:19.921274,1976303616,798,38,26291
12d3a933-de0d-4fb4-b7b5-f12890465fbc_v3.fasta,2021-11-30 11:23:20.177778,1980899328,799,1655,35683
fadaac58-4758-4d4b-a0f2-da46282e88a4_v3.fasta,2021-11-30 11:23:20.431967,1980899328,800,427,84079
10a5233d-4821-475a-adca-5ab9a5ffe1b0_v3.fasta,2021-11-30 11:23:20.682948,1985224704,801,1118,39765
ea2dc83c-d46d-4cd9-8de0-5efb0e388d18_v3.fasta,2021-11-30 11:23:20.935291,1993875456,802,1150,26738
a909101e-b6c2-4169-aca3-2a75f7c12340_v3.fasta,2021-11-30 11:23:21.477575,2019307520,803,0,0
b0dce3bc-6c49-4d57-8400-d2755c348d55_v3.fasta,2021-11-30 11:23:22.058237,2019307520,804,0,0
2950dd58-101e-4071-b99a-c851a3cf2fb3_v3.fasta,2021-11-30 11:23:22.309467,2019307520,805,783,36044
c7d70bec-7859-4baa-b448-98339497104c_v3.fasta,2021-11-30 11:23:22.895267,2016559104,806,0,0
5ef2bee2-3e9c-4b6f-9810-543457264003_v3.fasta,2021-11-30 11:23:23.152716,2016559104,807,230,23128
3f35ff75-0cd5-4cb5-9d91-abf050995650_v3.fasta,2021-11-30 11:23:23.403594,2016559104,808,1146,35059
37469390-ce66-4400-936f-d934d29d0069_v3.fasta,2021-11-30 11:23:23.653254,2016559104,809,1116,29781
a1e5714a-4a07-4ba2-9b4f-5c074f22d0b8_v3.fasta,2021-11-30 11:23:23.904174,2016559104,810,429,34772
6b59b613-d52b-4c26-a68c-1c7b5d57851c_v3.fasta,2021-11-30 11:23:24.157550,2016559104,811,667,34233
a3c4cb55-e2dc-4850-bc34-65c9b5be2a3f_v3.fasta,2021-11-30 11:23:24.445072,2016559104,812,0,0
a7d837bf-d530-48a2-a6fa-b03f43355579_v3.fasta,2021-11-30 11:23:24.695158,2016559104,813,21,29402
febaee8e-9a97-49a2-9b32-30c144a0273c_v3.fasta,2021-11-30 11:23:24.945247,2016559104,814,608,30624
7c2ffb1d-4a35-4d32-af18-7e0092cc4130_v3.fasta,2021-11-30 11:23:25.199932,2016559104,815,428,55844
653dc738-86c8-4e62-af8f-c50f9c7b85f8_v3.fasta,2021-11-30 11:23:25.450201,2016559104,816,778,34682
2b66a3ba-d678-46f2-9850-c8535a0cc362_v3.fasta,2021-11-30 11:23:25.707551,2016559104,817,737,111743
b0b84cd1-e16e-4629-8d03-52569a5620c3_v3.fasta,2021-11-30 11:23:25.963207,2016559104,818,768,54837
b7c03a0b-9a15-4caa-b85d-04ba02d7dbbf_v3.fasta,2021-11-30 11:23:26.217292,2019528704,819,420,32361
b99bb9a6-7789-40c5-af47-0a39d4cf141a_v3.fasta,2021-11-30 11:23:26.466775,2019528704,820,987,29252
3fd3d6ec-3e29-4ac5-b42c-15d1f1a00ef0_v3.fasta,2021-11-30 11:23:27.050008,2044473344,821,0,0
e7c503c8-2242-4229-8e6c-ae6aca0c82ef_v3.fasta,2021-11-30 11:23:27.307828,2044473344,822,1913,109634
6b18d831-acd5-4738-9e43-c7a2e49a8fa2_v3.fasta,2021-11-30 11:23:27.557449,2044473344,823,683,34923
9c024a29-22c2-4804-ac69-624f843a592c_v3.fasta,2021-11-30 11:23:27.807821,2044473344,824,653,31667
f814564b-1b1d-446a-9458-c16a4fa60951_v3.fasta,2021-11-30 11:23:28.387623,2057924608,825,0,0
6cc7fd18-0a58-4544-8a82-b57fc77c8ec5_v3.fasta,2021-11-30 11:23:28.644320,2028118016,826,1938,89017
2742aacd-4a5b-43c2-9fac-929b9328445d_v3.fasta,2021-11-30 11:23:28.898752,2032443392,827,1126,46994
cf097d5f-8415-4052-ac0b-309ddf4b3df6_v3.fasta,2021-11-30 11:23:29.155121,2036768768,828,1125,41371
e4f326f1-615b-4442-917d-99914ca4cab7_v3.fasta,2021-11-30 11:23:29.406526,2041094144,829,448,33449
972dddd8-5f7a-48c7-9421-6f0bd6ab6201_v3.fasta,2021-11-30 11:23:29.667913,2041094144,830,0,0
e9ae49f3-ca28-47c8-a906-4aff1c594bc5_v3.fasta,2021-11-30 11:23:29.918695,2041094144,831,702,41807
f3472ca0-536c-483b-a87c-526412127b21_v3.fasta,2021-11-30 11:23:30.174112,2045689856,832,1127,44930
3172634e-9f62-4bf8-a052-955b05cd29c8_v3.fasta,2021-11-30 11:23:30.424914,2045689856,833,431,36662
f6668c99-a777-4ee7-83e2-c04b76ae8370_v3.fasta,2021-11-30 11:23:30.677202,2047852544,834,758,56228
5e13f21e-df27-47e6-9fff-b18f23fe5503_v3.fasta,2021-11-30 11:23:31.261723,2072821760,835,0,0
6e14cc82-ca6f-4676-9609-4c09638e88dd_v3.fasta,2021-11-30 11:23:31.511361,2072821760,836,701,43034
74509b86-b019-4378-adbe-081ba51b58a3_v3.fasta,2021-11-30 11:23:31.764209,2072821760,837,222,60537
8ff6d1b4-0571-43a1-a186-fbb9bed5a9dc_v3.fasta,2021-11-30 11:23:32.334537,2081865728,838,0,0
3fceb200-b1e4-43b1-baf3-f0397de8abc3_v3.fasta,2021-11-30 11:23:32.583534,2081865728,839,21,25096
3b2356bd-5c89-48b0-a7aa-a006de753808_v3.fasta,2021-11-30 11:23:32.836581,2081865728,840,743,65448
74f31dda-7a06-44b3-86d6-8b5548ef2fc2_v3.fasta,2021-11-30 11:23:33.088942,2081865728,841,1725,40032
104f2ddf-7b20-4928-ac63-3a7bd8079797_v3.fasta,2021-11-30 11:23:33.341561,2081865728,842,1138,56575
bddfbb1c-7456-4d98-8d3f-9797c1dd7873_v3.fasta,2021-11-30 11:23:33.592608,2081865728,843,1119,35857
301d9619-0c00-49da-924a-2d8bfa8d0d34_v3.fasta,2021-11-30 11:23:33.843764,2081865728,844,605,47589
46a8ef88-23dd-4780-a0f7-443492c33b58_v3.fasta,2021-11-30 11:23:34.095818,2081865728,845,1153,28987
2beab6b1-8920-43f7-89b2-2534d65b40b9_v3.fasta,2021-11-30 11:23:34.345651,2081865728,846,1147,29914
405d103d-a91f-4617-a17c-a607c9c659a8_v3.fasta,2021-11-30 11:23:34.595616,2081865728,847,747,41424
8198b52c-0d38-4c1a-b0bb-5946b63b9c5d_v3.fasta,2021-11-30 11:23:34.845190,2081865728,848,593,26127
dd14c0fd-12bb-472c-9917-c66cd28631e7_v3.fasta,2021-11-30 11:23:35.104394,2082672640,849,672,45619
be9fb043-140d-4a21-a407-f5337067dfc6_v3.fasta,2021-11-30 11:23:35.356052,2082672640,850,753,44750
853e738b-dec4-41f4-989a-2a3519a4b76b_v3.fasta,2021-11-30 11:23:35.818827,2105585664,851,0,0
a576018a-2866-4988-a5ba-2410498b3dd7_v3.fasta,2021-11-30 11:23:36.069766,2105585664,852,652,32019
b6826f36-19f8-4475-916a-e5208f224c27_v3.fasta,2021-11-30 11:23:36.322721,2080374784,853,22,24192
23825f47-98a0-4525-b1ce-bf1082c79617_v3.fasta,2021-11-30 11:23:36.867904,2109997056,854,0,0
2d1b82be-c071-4471-b2ea-aff0beb58802_v3.fasta,2021-11-30 11:23:37.132721,2082471936,855,0,0
c0f29d17-6895-4d65-9b26-8edb56fd183c_v3.fasta,2021-11-30 11:23:37.382740,2082471936,856,1691,35435
8a7e83f6-b820-442a-b405-2c43a5df4f26_v3.fasta,2021-11-30 11:23:37.965710,2112094208,857,0,0
3c884b19-30cd-49c7-86ee-797907edc070_v3.fasta,2021-11-30 11:23:38.224023,2086883328,858,1141,43750
c651dde5-1b11-411a-a146-a957771d767d_v3.fasta,2021-11-30 11:23:38.472837,2086883328,859,22,25498
20ea354a-35a0-4ea2-b1a9-3810d6c6ab4e_v3.fasta,2021-11-30 11:23:38.725503,2091208704,860,1666,51423
b0dda27c-aee3-4581-b39d-e9934e127822_v3.fasta,2021-11-30 11:23:38.977961,2095263744,861,759,39453
a62291ad-863a-4d7b-9276-26e6b2899ed9_v3.fasta,2021-11-30 11:23:39.231895,2095263744,862,1083,50044
b773fa46-dae8-40e8-a587-f952aa23eef8_v3.fasta,2021-11-30 11:23:39.536802,2095263744,863,683,66539
63926f1c-d6f7-4671-a057-c0f4f2b6e711_v3.fasta,2021-11-30 11:23:40.010500,2124894208,864,0,0
4a32de27-a710-435a-a91c-5e7569446dd7_v3.fasta,2021-11-30 11:23:40.265743,2124894208,865,663,49808
93c5c16d-e3c8-4e52-83e5-9f8d64734bfc_v3.fasta,2021-11-30 11:23:40.515352,2124894208,866,644,36013
35eca465-4dd2-4479-b257-402fcf659c6f_v3.fasta,2021-11-30 11:23:40.768138,2124894208,867,404,60416
08cf5204-d1b1-48d9-82e6-01533a5eb761_v3.fasta,2021-11-30 11:23:41.025130,2124894208,868,647,44886
4412b45b-26c1-4837-a2ed-dee1292920cc_v3.fasta,2021-11-30 11:23:41.495402,2131185664,869,0,0
395dd49e-3159-4ee1-addf-96acb583ca38_v3.fasta,2021-11-30 11:23:41.745635,2131185664,870,1680,38484
05de3677-788a-43dc-a656-d9e3ed4e2d7b_v3.fasta,2021-11-30 11:23:41.996260,2131185664,871,1140,38272
2ea9d76c-8085-42d4-a5c9-bd0aa1ee94f8_v3.fasta,2021-11-30 11:23:42.249616,2131185664,872,1130,48403
798ee138-bb86-405c-b3b6-71c4cb03c385_v3.fasta,2021-11-30 11:23:42.709127,2137911296,873,0,0
e82ad618-6e7f-4fda-9e20-bdcdc70db7f0_v3.fasta,2021-11-30 11:23:42.959699,2137911296,874,709,39220
d111cb68-e76c-4932-a75c-bd23d21e743c_v3.fasta,2021-11-30 11:23:43.416989,2142322688,875,0,0
d3f1f6f0-2457-4910-ade8-4465a036eada_v3.fasta,2021-11-30 11:23:43.955090,2142322688,876,0,0
8cc7552f-076b-427b-85a3-f45333a1df33_v3.fasta,2021-11-30 11:23:44.210116,2142322688,877,1133,29917
2b1a9d9b-1415-4dec-8a5d-7336d1e82408_v3.fasta,2021-11-30 11:23:44.460137,2142322688,878,788,35404
7e2e2d39-27b7-4314-9a5d-03e76aa70246_v3.fasta,2021-11-30 11:23:44.710816,2142322688,879,1138,40454
9eecd864-5e86-49e1-ac3e-7801fba8b15f_v3.fasta,2021-11-30 11:23:44.961838,2142322688,880,1135,37905
550ea7d7-7fff-4515-848e-9980df05a723_v3.fasta,2021-11-30 11:23:45.214972,2142322688,881,1126,31597
0a46d064-9468-440e-8ad6-35091ee9f14b_v3.fasta,2021-11-30 11:23:45.472538,2142322688,882,1098,112307
70f3d0e5-2247-4c1f-9584-6f37302f18e7_v3.fasta,2021-11-30 11:23:45.941043,2157654016,883,0,0
dd1466d2-edf3-4bfb-960b-dae7b48914d2_v3.fasta,2021-11-30 11:23:46.196358,2129911808,884,435,32116
57c427b8-bf13-4fcd-aed1-573394513eae_v3.fasta,2021-11-30 11:23:46.448427,2134237184,885,598,47038
f81c27dc-8854-4650-90b0-19cdc77885d3_v3.fasta,2021-11-30 11:23:46.699761,2134237184,886,1107,48419
5c6b6188-6834-4d0f-bac6-fe8f6db365f0_v3.fasta,2021-11-30 11:23:46.955678,2138562560,887,768,56604
bed98fa4-a8c9-4c48-9a6b-3d7c5c2b21e3_v3.fasta,2021-11-30 11:23:47.214458,2143158272,888,671,48573
ab151d36-2138-4d3a-8414-883bafdae8cb_v3.fasta,2021-11-30 11:23:47.464710,2143158272,889,1123,34071
298dfa27-4183-47fc-9ea8-87074530fa4d_v3.fasta,2021-11-30 11:23:47.715211,2145050624,890,1116,37225
78409b40-2b6a-4c67-82f7-d0429bf81ebe_v3.fasta,2021-11-30 11:23:47.964902,2145050624,891,1145,30734
01b11fb1-2242-47b3-923a-5d4f45046615_v3.fasta,2021-11-30 11:23:48.219310,2149376000,892,751,40204
9df11a78-c1a9-4a3b-93a7-921bc47b1b32_v3.fasta,2021-11-30 11:23:48.469785,2149376000,893,1140,40971
75993fd4-343d-4137-8928-79e1ef11d2c3_v3.fasta,2021-11-30 11:23:48.730753,2153701376,894,19084,118668
2e954b50-cc08-4e85-b9bb-859fba831cb1_v3.fasta,2021-11-30 11:23:48.982705,2158297088,895,775,37098
659f1dbd-ad6a-4667-9e80-4e514c5772b6_v3.fasta,2021-11-30 11:23:49.237720,2162622464,896,20,23727
1df07c21-3fa7-4e63-a49b-533b6672e202_v3.fasta,2021-11-30 11:23:49.819238,2187665408,897,0,0
b176032a-f598-4c2b-a363-b22f6b191258_v3.fasta,2021-11-30 11:23:50.076527,2187665408,898,685,42805
7b254d21-51ce-472f-ae97-1c61d38c0200_v3.fasta,2021-11-30 11:23:50.652025,2189762560,899,0,0
71eedc38-818f-4029-923e-2b6478dbab8f_v3.fasta,2021-11-30 11:23:50.903970,2189762560,900,683,43018
7172a668-c94f-465a-8eec-3b244dcc6000_v3.fasta,2021-11-30 11:23:51.164589,2189762560,901,1910,106638
fc974a69-774a-4a94-b1e8-2c0cebd077f8_v3.fasta,2021-11-30 11:23:51.419575,2189762560,902,1965,86589
1078adb3-19da-45cc-b7c3-36230bf461fa_v3.fasta,2021-11-30 11:23:51.671447,2189762560,903,750,41562
f4bd6531-8262-44a0-91d1-18f1002262d3_v3.fasta,2021-11-30 11:23:51.922608,2189762560,904,754,43451
87fe7681-20a3-4252-ada3-8ac32b36c090_v3.fasta,2021-11-30 11:23:52.176034,2189762560,905,20,27628
eb1e3518-7f0f-44ca-9172-ed22068ff01f_v3.fasta,2021-11-30 11:23:52.426774,2189762560,906,772,28069
f9dfe23e-4f01-41e1-b839-41b604a3bf46_v3.fasta,2021-11-30 11:23:52.676689,2189762560,907,1123,32493
6d938709-02c0-4d8f-b696-2eea2b24f46c_v3.fasta,2021-11-30 11:23:52.929551,2189762560,908,1124,36999
d38bac27-965a-4c81-9ef4-a8715aadd655_v3.fasta,2021-11-30 11:23:53.188181,2189762560,909,1716,44282
72111f79-3759-4dce-979b-cbdfd8e1ace1_v3.fasta,2021-11-30 11:23:53.439790,2192461824,910,781,33697
928d593f-c63d-4be9-9075-a42790301a1f_v3.fasta,2021-11-30 11:23:54.024971,2217893888,911,0,0
ffe4aa58-6637-438a-8d8a-6cf854fc2fb1_v3.fasta,2021-11-30 11:23:54.277282,2217893888,912,470,31603
2e0df19a-d962-4b3d-8b7e-fc2a6b0e4098_v3.fasta,2021-11-30 11:23:54.528680,2217893888,913,785,43127
da042da1-b7d6-40e2-8997-b4e8a726f50b_v3.fasta,2021-11-30 11:23:55.109300,2222309376,914,0,0
829c231b-b8ba-4f24-8529-4d034766ad4d_v3.fasta,2021-11-30 11:23:55.697692,2217893888,915,0,0
915215e6-b718-4403-9b9e-4154d675d01a_v3.fasta,2021-11-30 11:23:55.950324,2217893888,916,682,37120
60b9c4fc-436b-4fe2-bedc-a51cfb0a27ca_v3.fasta,2021-11-30 11:23:56.204305,2217893888,917,1130,30328
e07e5877-f5f0-4161-8b6b-15b4a285150b_v3.fasta,2021-11-30 11:23:56.454254,2217893888,918,680,34451
7cc5ca65-7dfa-4c5c-ae23-9da016694670_v3.fasta,2021-11-30 11:23:56.709640,2217893888,919,1916,99355
6d911db4-df6f-4f88-8004-fac897dcdb59_v3.fasta,2021-11-30 11:23:56.959738,2217893888,920,434,35726
144b9703-c9d2-4505-8eb1-4b8137c369ff_v3.fasta,2021-11-30 11:23:57.213005,2217893888,921,1129,33719
36913f3b-82f8-429d-ba42-b082c1eca225_v3.fasta,2021-11-30 11:23:57.462627,2217893888,922,33,24970
76463ebf-47f4-4b22-90d5-392dc9c34495_v3.fasta,2021-11-30 11:23:57.729433,2222485504,923,0,0
9c96c977-589f-4d40-8774-1933767b0441_v3.fasta,2021-11-30 11:23:58.309929,2239520768,924,0,0
37e59c6e-3eca-425f-9456-aeb0259897c7_v3.fasta,2021-11-30 11:23:58.560273,2239520768,925,1137,37976
bd24da33-9a93-46b1-80e5-0333f2505cab_v3.fasta,2021-11-30 11:23:58.811199,2239520768,926,768,42819
dbb93c22-a6c6-4f78-92ef-5feb7a9644b0_v3.fasta,2021-11-30 11:23:59.067233,2239520768,927,1137,45241
0d2e0dea-de5d-47fb-99fc-56cd2576f8b0_v3.fasta,2021-11-30 11:23:59.645209,2243932160,928,0,0
7b7418f1-739b-4cba-a5a3-7dccc42062e2_v3.fasta,2021-11-30 11:23:59.896055,2243932160,929,773,37910
d9314ab8-fb5d-4a13-beab-556d54d5cb87_v3.fasta,2021-11-30 11:24:00.474232,2246029312,930,0,0
fa5c27fa-1ff9-46d3-94b4-f547fc1bfc0b_v3.fasta,2021-11-30 11:24:00.727113,2246029312,931,776,44512
e0959525-ebd7-4f39-a4ed-c66e086d40dd_v3.fasta,2021-11-30 11:24:00.978304,2246029312,932,766,50663
ab962499-ae1d-4da7-8fe1-6088b5b381c9_v3.fasta,2021-11-30 11:24:01.232001,2246029312,933,678,46333
522bf8d6-0f8a-4702-90ec-f55a89171093_v3.fasta,2021-11-30 11:24:01.484167,2246029312,934,598,55568
30ebf4eb-92aa-434d-9cab-57a2689fbcf3_v3.fasta,2021-11-30 11:24:01.733983,2246029312,935,1129,28398
d8459a05-0bf6-4b87-a92a-926b74bdab4f_v3.fasta,2021-11-30 11:24:01.985992,2246029312,936,34,29749
9e0ff155-7335-4766-8a52-ed15effba9af_v3.fasta,2021-11-30 11:24:02.237643,2246029312,937,1354,33313
0b4515c7-f63a-4278-b3b0-5cfa8f00358a_v3.fasta,2021-11-30 11:24:02.533382,2263326720,938,0,0
fdcf1fd6-e5fc-499c-90ab-2fd05f6875f4_v3.fasta,2021-11-30 11:24:03.107322,2263457792,939,0,0
510a1dd0-8d5c-47e3-a503-02cdb6404819_v3.fasta,2021-11-30 11:24:03.359854,2238246912,940,20,25056
15a9e643-bc45-4b75-bdb4-80b86fb25101_v3.fasta,2021-11-30 11:24:03.609389,2238246912,941,1130,32425
b0a8c258-97c6-4e6e-8bce-182027873049_v3.fasta,2021-11-30 11:24:03.863586,2246897664,942,1126,30970
92e5062b-7b67-4ea6-9a1b-95137b6ab931_v3.fasta,2021-11-30 11:24:04.117466,2251493376,943,1137,40102
ed1a8853-71c8-461d-92c7-f0103108a7bc_v3.fasta,2021-11-30 11:24:04.695855,2268303360,944,0,0
9be8a49a-c92d-42fe-a1d7-f73872d4752a_v3.fasta,2021-11-30 11:24:04.947831,2268303360,945,442,33327
725e887f-adb9-4f9a-8440-a8d243f5940f_v3.fasta,2021-11-30 11:24:05.203342,2268303360,946,659,46570
abbc6048-9952-41ee-9dae-72182c7d07dc_v3.fasta,2021-11-30 11:24:05.457473,2268303360,947,698,42442
c1135255-8959-440b-9bca-3a3aa03157f3_v3.fasta,2021-11-30 11:24:05.708657,2268303360,948,665,45665
1d00b4e0-d982-4f95-b043-fbd444a9b0ff_v3.fasta,2021-11-30 11:24:05.960053,2268303360,949,1135,46863
08f364f2-b26e-4bfb-be71-c97ba4ad7cf9_v3.fasta,2021-11-30 11:24:06.214464,2268303360,950,644,52706
497a84b2-667b-4167-81d3-afa3768d5bd1_v3.fasta,2021-11-30 11:24:06.468425,2268303360,951,734,73074
862c0289-ac72-4b25-86d1-7b4ba439df5d_v3.fasta,2021-11-30 11:24:07.029839,2289491968,952,0,0
936f6ea5-8dcd-42c5-bde4-987f83eb3770_v3.fasta,2021-11-30 11:24:07.281896,2289491968,953,1137,40736
da056df1-a92d-4d63-886b-5e640ec6ccb1_v3.fasta,2021-11-30 11:24:07.554120,2289491968,954,0,0
8ab5b25b-ad3e-47b9-a543-1e28f9a0c1f2_v3.fasta,2021-11-30 11:24:07.803764,2289491968,955,21,26600
5e65082a-6932-4264-9dfb-0c9032de7b40_v3.fasta,2021-11-30 11:24:08.059155,2289491968,956,19,37889
8628064d-e8f7-493c-bf46-b90ca3c9038d_v3.fasta,2021-11-30 11:24:08.311505,2289491968,957,1147,45197
1844cc2a-00fa-4a4f-be2c-e3ae8ecb349d_v3.fasta,2021-11-30 11:24:08.770227,2293469184,958,0,0
0f043601-d5db-4092-9502-ffb2890ec5ad_v3.fasta,2021-11-30 11:24:09.348926,2293686272,959,0,0
e5a8208c-6d30-4ca4-bea8-ef2286e86cab_v3.fasta,2021-11-30 11:24:09.604411,2293686272,960,2136,86299
c64dd6cf-3aa4-45ab-a228-339d03cca5a3_v3.fasta,2021-11-30 11:24:09.857538,2293686272,961,1123,35811
e2f92416-f8b2-4f07-99d3-38e8230ae7d3_v3.fasta,2021-11-30 11:24:10.115754,2293686272,962,714,97638
d2a7fc95-df5f-490c-a219-ec2e467ed13c_v3.fasta,2021-11-30 11:24:10.374532,2293686272,963,779,56220
319144ed-fedb-4d6a-aba2-07d17e6ee980_v3.fasta,2021-11-30 11:24:10.625540,2293686272,964,675,46933
eca09334-640b-4cc4-afdc-ddd38ff301bf_v3.fasta,2021-11-30 11:24:10.876882,2293686272,965,1137,41125
fe9d2f08-ac92-4b0c-bb10-24141bb25fd6_v3.fasta,2021-11-30 11:24:11.348465,2313211904,966,0,0
b186c48f-aa2e-4987-aa98-aaf90dd60e37_v3.fasta,2021-11-30 11:24:11.930584,2308800512,967,0,0
f46c6881-4c80-4054-8ad1-3627d9898720_v3.fasta,2021-11-30 11:24:12.183562,2308800512,968,1712,37083
4fad2f2d-9777-4976-9d4f-5c7d60402237_v3.fasta,2021-11-30 11:24:12.435118,2308800512,969,1653,47522
8e8aa6db-175f-4078-9a14-692ace90b884_v3.fasta,2021-11-30 11:24:13.016279,2313646080,970,0,0
7e397014-8fd8-4afb-ab72-b97bfc41d711_v3.fasta,2021-11-30 11:24:13.269320,2313646080,971,1667,40981
c1ba0f0c-40e0-4da4-b440-28cc4fd84a4e_v3.fasta,2021-11-30 11:24:13.518698,2313646080,972,759,36530
36955b46-5ce1-41f3-bc85-47a787af8de0_v3.fasta,2021-11-30 11:24:13.769132,2313646080,973,1133,31092
40fbc7e8-cef1-469c-b3b4-5c6ba6026aae_v3.fasta,2021-11-30 11:24:14.023402,2313646080,974,436,40637
60f753e5-a843-44bd-a7db-d7a730e7b38e_v3.fasta,2021-11-30 11:24:14.275121,2313646080,975,767,30742
700a64c4-52d1-41bf-b58c-01285e37cfbc_v3.fasta,2021-11-30 11:24:14.528275,2313646080,976,450,35007
5fa4fad1-9dc8-4f57-81bc-d6730f804da1_v3.fasta,2021-11-30 11:24:14.778675,2313646080,977,1139,27821
d3a21d1a-df13-4789-8ec5-c084e2a29f5d_v3.fasta,2021-11-30 11:24:15.030348,2313646080,978,686,37066
015b2844-d68b-4bba-bcea-a2e7c3b9ba76_v3.fasta,2021-11-30 11:24:15.283318,2313646080,979,742,45525
cfed5508-ee79-4be1-a9d0-7c51a825c175_v3.fasta,2021-11-30 11:24:15.586865,2313646080,980,1132,32054
6861ac7c-a830-4cbd-8b90-e4efe0a5d50b_v3.fasta,2021-11-30 11:24:15.839206,2314182656,981,788,31324
e63e5cc6-e99d-4d2d-b0a7-88eb9e7022ac_v3.fasta,2021-11-30 11:24:16.095600,2318508032,982,767,41271
78134950-a0e6-49d2-a8f9-4b9ebde8799c_v3.fasta,2021-11-30 11:24:16.348932,2318508032,983,748,38195
b59193d6-94a7-4992-a41e-39651228f66c_v3.fasta,2021-11-30 11:24:16.599741,2318508032,984,430,34731
1ef3440b-585d-45e1-b001-3d3edf19787a_v3.fasta,2021-11-30 11:24:16.854565,2322833408,985,675,34761
f8af63cb-3770-44ae-a89c-ab80c72cf483_v3.fasta,2021-11-30 11:24:17.113768,2327158784,986,1659,37807
b78012cc-a77c-4a06-8731-4e0226cffb43_v3.fasta,2021-11-30 11:24:17.368586,2327158784,987,750,32904
b68ae929-476e-4230-b4a3-a183c25926ed_v3.fasta,2021-11-30 11:24:17.952524,2352267264,988,0,0
a088a519-b1e0-42b2-a811-50d5bf32e6a9_v3.fasta,2021-11-30 11:24:18.231261,2352267264,989,0,0
b1fc63ef-9bff-403c-bc30-7e1d9fe165d2_v3.fasta,2021-11-30 11:24:18.483646,2352267264,990,650,35306
73acb390-600b-4d75-8681-bd17dd44f751_v3.fasta,2021-11-30 11:24:18.735710,2352267264,991,1140,47727
06a18fe5-3c0e-4bf0-b126-7a44d78153cb_v3.fasta,2021-11-30 11:24:18.987457,2352267264,992,1140,40305
d184f05c-5814-4f91-bc44-1228c8db0ff8_v3.fasta,2021-11-30 11:24:19.241771,2352267264,993,1145,44229
8582ca36-e931-40fd-a2c5-10c0cc260563_v3.fasta,2021-11-30 11:24:19.492464,2352267264,994,745,39252
453a75c3-df61-4927-8ad7-aa97fbcec5c0_v3.fasta,2021-11-30 11:24:19.743854,2352267264,995,767,34372
ccec4868-4070-43a2-8706-af35a2d3f2f9_v3.fasta,2021-11-30 11:24:20.000395,2352267264,996,1116,59011
ca2e9dc4-b196-4911-8bde-4dc94f7ae723_v3.fasta,2021-11-30 11:24:20.253833,2352267264,997,1690,36418
91e7fec6-980b-4d9c-bf77-c327d28d8c8d_v3.fasta,2021-11-30 11:24:20.506317,2352267264,998,1143,46616
6a98d3e6-a5a4-433a-8779-375eb40c7438_v3.fasta,2021-11-30 11:24:20.768299,2352267264,999,1083,28897
4d424074-db10-496d-9932-1c51d769c2b0_v3.fasta,2021-11-30 11:24:21.025470,2359832576,1000,415,74595
